<?xml version="1.0" encoding="UTF-8"?>
<!DOCTYPE mapper PUBLIC "-//mybatis.org//DTD Mapper 3.0//EN" "http://mybatis.org/dtd/mybatis-3-mapper.dtd" >
<mapper namespace="com.hqyj.JWSystem.system.dao.ChooseCourseMapper">
	<select id="findAllCourse" parameterType="java.lang.Integer" resultType="com.hqyj.JWSystem.system.model.ChooseCourse">
		SELECT
		sys_student.student_id,
		sys_classbegin.course_id,
		sys_classbegin.teacher_id,
		sys_classbegin.class_time,
		sys_course.course_name,
		sys_teacher.teacher_name,
		sys_course.`hour`
		FROM
		sys_student
		INNER JOIN sys_classbegin ON sys_student.class_id = sys_classbegin.class_id
		INNER JOIN sys_teacher ON sys_classbegin.teacher_id =
		sys_teacher.teacher_id
		INNER JOIN sys_course ON sys_classbegin.course_id = sys_course.course_id
		WHERE sys_student.student_id = #{student_id,jdbcType=INTEGER}
	</select>
	<select id="findCourse" resultType="com.hqyj.JWSystem.system.model.ChooseCourse">
		SELECT * FROM (SELECT
		sys_teacher.teacher_name,
		sys_teacher.teacher_id,
		sys_course.course_id,
		sys_course.course_name,
		sys_course.`hour`,
		sys_room.class_room
		FROM
		sys_room
		INNER JOIN sys_course ON sys_room.course_id =
		sys_course.course_id
		INNER JOIN sys_course_teacher ON
		sys_course.course_id =
		sys_course_teacher.course_id
		INNER JOIN
		sys_teacher ON
		sys_course_teacher.teacher_id = sys_teacher.teacher_id
		)
		AS c
		WHERE
		c.course_id != any(
		SELECT
		sys_stu_course.course_id
		FROM
		sys_stu_course
		WHERE
		sys_stu_course.student_id =
		#{student_id,jdbcType=INTEGER}
		)
	</select>
	<select id="findChoose" resultType="com.hqyj.JWSystem.system.model.AfterChoose">
		SELECT
		sys_teacher.teacher_name,
		sys_stu_course.course_id,
		sys_course.course_name
		FROM
		sys_teacher
		INNER JOIN sys_stu_course ON
		sys_teacher.teacher_id =
		sys_stu_course.teacher_id
		INNER JOIN sys_course
		ON sys_stu_course.course_id = sys_course.course_id
		WHERE
		sys_stu_course.student_id = #{student_id,jdbcType=INTEGER}
	</select>

	<insert id="addcourse" parameterType="com.hqyj.JWSystem.system.model.StuCourse">
		insert into sys_stu_course
		(student_id, course_id, teacher_id) values
		(#{student_id,jdbcType=INTEGER}, #{course_id,jdbcType=INTEGER},
		#{teacher_id,jdbcType=INTEGER})
	</insert>

	<delete id="delchooseCourse">
		delete from sys_stu_course where student_id=#{student_id,jdbcType=INTEGER}
		and course_id=#{course_id,jdbcType=INTEGER}
	</delete>
</mapper>
