<?xml version="1.0" encoding="UTF-8" ?>
<!DOCTYPE mapper PUBLIC "-//mybatis.org//DTD Mapper 3.0//EN" "http://mybatis.org/dtd/mybatis-3-mapper.dtd" >
<mapper namespace="com.hqyj.JWSystem.system.dao.ClassMapper" >
  <resultMap id="BaseResultMap" type="com.hqyj.JWSystem.system.model.Class" >
    <id column="class_id" property="class_id" jdbcType="INTEGER" />
    <result column="class_name" property="class_name" jdbcType="VARCHAR" />
    <result column="major_id" property="major_id" jdbcType="INTEGER" />
    <result column="major_name" property="major_name" jdbcType="VARCHAR" />
    <result column="dep_id" property="dep_id" jdbcType="INTEGER" />
  </resultMap>
  <sql id="Base_Column_List" >
    class_id, class_name, major_id, major_name, dep_id
  </sql>
  <select id="selectByPrimaryKey" resultMap="BaseResultMap" parameterType="java.lang.Integer" >
    select 
    <include refid="Base_Column_List" />
    from sys_class
    where class_id = #{class_id,jdbcType=INTEGER}
  </select>
  <delete id="deleteByPrimaryKey" parameterType="java.lang.Integer" >
    delete from sys_class
    where class_id = #{class_id,jdbcType=INTEGER}
  </delete>
  <insert id="insert" parameterType="com.hqyj.JWSystem.system.model.Class" >
    insert into sys_class (class_id, class_name, major_id, 
      major_name, dep_id)
    values (#{class_id,jdbcType=INTEGER}, #{class_name,jdbcType=VARCHAR}, #{major_id,jdbcType=INTEGER}, 
      #{major_name,jdbcType=VARCHAR}, #{dep_id,jdbcType=INTEGER})
  </insert>
  <insert id="insertSelective" parameterType="com.hqyj.JWSystem.system.model.Class" >
    insert into sys_class
    <trim prefix="(" suffix=")" suffixOverrides="," >
      <if test="class_id != null" >
        class_id,
      </if>
      <if test="class_name != null" >
        class_name,
      </if>
      <if test="major_id != null" >
        major_id,
      </if>
      <if test="major_name != null" >
        major_name,
      </if>
      <if test="dep_id != null" >
        dep_id,
      </if>
    </trim>
    <trim prefix="values (" suffix=")" suffixOverrides="," >
      <if test="class_id != null" >
        #{class_id,jdbcType=INTEGER},
      </if>
      <if test="class_name != null" >
        #{class_name,jdbcType=VARCHAR},
      </if>
      <if test="major_id != null" >
        #{major_id,jdbcType=INTEGER},
      </if>
      <if test="major_name != null" >
        #{major_name,jdbcType=VARCHAR},
      </if>
      <if test="dep_id != null" >
        #{dep_id,jdbcType=INTEGER},
      </if>
    </trim>
  </insert>
  <update id="updateByPrimaryKeySelective" parameterType="com.hqyj.JWSystem.system.model.Class" >
    update sys_class
    <set >
      <if test="class_name != null" >
        class_name = #{class_name,jdbcType=VARCHAR},
      </if>
      <if test="major_id != null" >
        major_id = #{major_id,jdbcType=INTEGER},
      </if>
      <if test="major_name != null" >
        major_name = #{major_name,jdbcType=VARCHAR},
      </if>
      <if test="dep_id != null" >
        dep_id = #{dep_id,jdbcType=INTEGER},
      </if>
    </set>
    where class_id = #{class_id,jdbcType=INTEGER}
  </update>
  <update id="updateByPrimaryKey" parameterType="com.hqyj.JWSystem.system.model.Class" >
    update sys_class
    set class_name = #{class_name,jdbcType=VARCHAR},
      major_id = #{major_id,jdbcType=INTEGER},
      major_name = #{major_name,jdbcType=VARCHAR},
      dep_id = #{dep_id,jdbcType=INTEGER}
    where class_id = #{class_id,jdbcType=INTEGER}
  </update>
  
  <!-- ############################################################################################# -->
	<select id="queryClassListByClass" resultMap="BaseResultMap"
		parameterType="com.hqyj.JWSystem.system.model.Class">
		select
		<include refid="Base_Column_List" />
		from sys_class
		where 1=1
		<if test="class_id != null">
			<if test="class_id >0">
       		and class_id = #{class_id,jdbcType=INTEGER}
        	</if>
		</if>
		<if test="class_name != null">
			and class_name = #{class_name,jdbcType=VARCHAR}
		</if>
		<if test="major_id != null">
			and major_id = #{major_id,jdbcType=INTEGER}
		</if>
		<if test="major_name != null">
			and major_name = #{major_name,jdbcType=VARCHAR}
		</if>
		<if test="dep_id != null">
			and dep_id = #{dep_id,jdbcType=INTEGER}
		</if>

	</select>
	
	

  <insert id="insertWithIdIntSelective" parameterType="com.hqyj.JWSystem.system.model.Class" >
    insert into sys_class
    <trim prefix="(" suffix=")" suffixOverrides="," >
      <if test="class_id != null" >
      	<if test="class_id >0">
        class_id,
        </if>
      </if>
      <if test="class_name != null" >
        class_name,
      </if>
      <if test="major_id != null" >
        major_id,
      </if>
      <if test="major_name != null" >
        major_name,
      </if>
      <if test="dep_id != null" >
        dep_id,
      </if>
    </trim>
    <trim prefix="values (" suffix=")" suffixOverrides="," >
      <if test="class_id != null" >
        #{class_id,jdbcType=INTEGER},
      </if>
      <if test="class_name != null" >
        #{class_name,jdbcType=VARCHAR},
      </if>
      <if test="major_id != null" >
        #{major_id,jdbcType=INTEGER},
      </if>
      <if test="major_name != null" >
        #{major_name,jdbcType=VARCHAR},
      </if>
      <if test="dep_id != null" >
        #{dep_id,jdbcType=INTEGER},
      </if>
    </trim>
  </insert>
  <select id="query_distinct_class_name" parameterType="java.lang.String" resultMap="BaseResultMap">
  select*from sys_class
  <where>
  <if test="major_id != null">
  and major_id=#{major_id}
  </if>
  <if test="class_name!=null">
  and class_name like '%${class_name}%'
  </if>
  </where>
  </select>
  
  
  
</mapper>