<?xml version="1.0" encoding="UTF-8" ?>
<!DOCTYPE mapper PUBLIC "-//mybatis.org//DTD Mapper 3.0//EN" "http://mybatis.org/dtd/mybatis-3-mapper.dtd" >
<mapper namespace="com.hqyj.JWSystem.system.dao.ClassbeginMapper" >
  <resultMap id="BaseResultMap" type="com.hqyj.JWSystem.system.model.Classbegin" >
    <id column="classbegin_id" property="classbegin_id" jdbcType="INTEGER" />
    <result column="course_id" property="course_id" jdbcType="INTEGER" />
    <result column="course_type" property="course_type" jdbcType="VARCHAR" />
    <result column="teacher_id" property="teacher_id" jdbcType="INTEGER" />
    <result column="credit" property="credit" jdbcType="INTEGER" />
    <result column="hour" property="hour" jdbcType="INTEGER" />
    <result column="class_time" property="class_time" jdbcType="VARCHAR" />
    <result column="class_id" property="class_id" jdbcType="INTEGER" />
    <result column="isJX" property="isJX" jdbcType="VARCHAR" />
    <result column="class_room" property="class_room" jdbcType="VARCHAR" />
  </resultMap>
  <sql id="Base_Column_List" >
    classbegin_id, course_id, course_type, teacher_id, credit, hour, class_time, class_id, 
    isJX, class_room
  </sql>
  <select id="selectByPrimaryKey" resultMap="BaseResultMap" parameterType="java.lang.Integer" >
    select 
    <include refid="Base_Column_List" />
    from sys_classbegin
    where classbegin_id = #{classbegin_id,jdbcType=INTEGER}
  </select>
  <delete id="deleteClassbeginByPrimaryKey" parameterType="java.lang.Integer" >
    delete from sys_classbegin
    where classbegin_id = #{classbegin_id,jdbcType=INTEGER}
  </delete>
  <insert id="insertClassbeginByClassbegin" parameterType="com.hqyj.JWSystem.system.model.Classbegin" >
    insert into sys_classbegin (classbegin_id, course_id, course_type, 
      teacher_id, credit, hour, 
      class_time, class_id, isJX, 
      class_room)
    values (#{classbegin_id,jdbcType=INTEGER}, #{course_id,jdbcType=INTEGER}, #{course_type,jdbcType=VARCHAR}, 
      #{teacher_id,jdbcType=INTEGER}, #{credit,jdbcType=INTEGER}, #{hour,jdbcType=INTEGER}, 
      #{class_time,jdbcType=VARCHAR}, #{class_id,jdbcType=INTEGER}, #{isJX,jdbcType=VARCHAR}, 
      #{class_room,jdbcType=VARCHAR})
  </insert>
  <insert id="insertSelective" parameterType="com.hqyj.JWSystem.system.model.Classbegin" >
    insert into sys_classbegin
    <trim prefix="(" suffix=")" suffixOverrides="," >
      <if test="classbegin_id != null" >
        classbegin_id,
      </if>
      <if test="course_id != null" >
        course_id,
      </if>
      <if test="course_type != null" >
        course_type,
      </if>
      <if test="teacher_id != null" >
        teacher_id,
      </if>
      <if test="credit != null" >
        credit,
      </if>
      <if test="hour != null" >
        hour,
      </if>
      <if test="class_time != null" >
        class_time,
      </if>
      <if test="class_id != null" >
        class_id,
      </if>
      <if test="isJX != null" >
        isJX,
      </if>
      <if test="class_room != null" >
        class_room,
      </if>
    </trim>
    <trim prefix="values (" suffix=")" suffixOverrides="," >
      <if test="classbegin_id != null" >
        #{classbegin_id,jdbcType=INTEGER},
      </if>
      <if test="course_id != null" >
        #{course_id,jdbcType=INTEGER},
      </if>
      <if test="course_type != null" >
        #{course_type,jdbcType=VARCHAR},
      </if>
      <if test="teacher_id != null" >
        #{teacher_id,jdbcType=INTEGER},
      </if>
      <if test="credit != null" >
        #{credit,jdbcType=INTEGER},
      </if>
      <if test="hour != null" >
        #{hour,jdbcType=INTEGER},
      </if>
      <if test="class_time != null" >
        #{class_time,jdbcType=VARCHAR},
      </if>
      <if test="class_id != null" >
        #{class_id,jdbcType=INTEGER},
      </if>
      <if test="isJX != null" >
        #{isJX,jdbcType=VARCHAR},
      </if>
      <if test="class_room != null" >
        #{class_room,jdbcType=VARCHAR},
      </if>
    </trim>
  </insert>
  <update id="updateByPrimaryKeySelective" parameterType="com.hqyj.JWSystem.system.model.Classbegin" >
    update sys_classbegin
    <set >
      <if test="course_id != null" >
        course_id = #{course_id,jdbcType=INTEGER},
      </if>
      <if test="course_type != null" >
        course_type = #{course_type,jdbcType=VARCHAR},
      </if>
      <if test="teacher_id != null" >
        teacher_id = #{teacher_id,jdbcType=INTEGER},
      </if>
      <if test="credit != null" >
        credit = #{credit,jdbcType=INTEGER},
      </if>
      <if test="hour != null" >
        hour = #{hour,jdbcType=INTEGER},
      </if>
      <if test="class_time != null" >
        class_time = #{class_time,jdbcType=VARCHAR},
      </if>
      <if test="class_id != null" >
        class_id = #{class_id,jdbcType=INTEGER},
      </if>
      <if test="isJX != null" >
        isJX = #{isJX,jdbcType=VARCHAR},
      </if>
      <if test="class_room != null" >
        class_room = #{class_room,jdbcType=VARCHAR},
      </if>
    </set>
    where classbegin_id = #{classbegin_id,jdbcType=INTEGER}
  </update>
  <update id="updateClassbeginByClassbegin" parameterType="com.hqyj.JWSystem.system.model.Classbegin" >
    update sys_classbegin
    set course_id = #{course_id,jdbcType=INTEGER},
      course_type = #{course_type,jdbcType=VARCHAR},
      teacher_id = #{teacher_id,jdbcType=INTEGER},
      credit = #{credit,jdbcType=INTEGER},
      hour = #{hour,jdbcType=INTEGER},
      class_time = #{class_time,jdbcType=VARCHAR},
      class_id = #{class_id,jdbcType=INTEGER},
      isJX = #{isJX,jdbcType=VARCHAR},
      class_room = #{class_room,jdbcType=VARCHAR}
    where classbegin_id = #{classbegin_id,jdbcType=INTEGER}
  </update>
  
  <select id="queryClassbeginListByClassbegin" resultMap="BaseResultMap">
    SELECT *from sys_classbegin
  </select>
  
  <select id="querybeginListBybegin" resultMap="BaseResultMap" parameterType="com.hqyj.JWSystem.system.model.Classbegin" >
    select 
    <include refid="Base_Column_List" />
    from sys_classbegin
    where 1=1  
     <if test="classbegin_id != null" >
     	<if test="classbegin_id >0">
       		and classbegin_id = #{classbegin_id,jdbcType=INTEGER}
        </if>
      </if>
    <if test="course_id != null" >
        and course_id = #{course_id,jdbcType=INTEGER}
      </if>
      <if test="course_type != null" >
        and course_type = #{course_type,jdbcType=VARCHAR}
      </if>
      <if test="class_time != null" >
        and class_time = #{class_time,jdbcType=VARCHAR}
      </if>
      <if test="class_room != null" >
        and class_room = #{class_room,jdbcType=VARCHAR}
      </if>
  </select>
</mapper>