<?xml version="1.0" encoding="UTF-8" ?>
<!DOCTYPE mapper PUBLIC "-//mybatis.org//DTD Mapper 3.0//EN" "http://mybatis.org/dtd/mybatis-3-mapper.dtd" >
<mapper namespace="com.hqyj.JWSystem.system.dao.CourseTeacherMapper" >
  <resultMap id="BaseResultMap" type="com.hqyj.JWSystem.system.model.CourseTeacher" >
    <result column="course_id" property="course_id" jdbcType="INTEGER" />
    <result column="teacher_id" property="teacher_id" jdbcType="INTEGER" />
  </resultMap>
  <insert id="insert" parameterType="com.hqyj.JWSystem.system.model.CourseTeacher" >
    insert into sys_course_teacher (course_id, teacher_id)
    values (#{course_id,jdbcType=INTEGER}, #{teacher_id,jdbcType=INTEGER})
  </insert>
  <insert id="insertSelective" parameterType="com.hqyj.JWSystem.system.model.CourseTeacher" >
    insert into sys_course_teacher
    <trim prefix="(" suffix=")" suffixOverrides="," >
      <if test="course_id != null" >
        course_id,
      </if>
      <if test="teacher_id != null" >
        teacher_id,
      </if>
    </trim>
    <trim prefix="values (" suffix=")" suffixOverrides="," >
      <if test="course_id != null" >
        #{course_id,jdbcType=INTEGER},
      </if>
      <if test="teacher_id != null" >
        #{teacher_id,jdbcType=INTEGER},
      </if>
    </trim>
  </insert>
  <delete id="deleteCourseTeacherByCourseTeacher" parameterType="com.hqyj.JWSystem.system.model.CourseTeacher" >
    delete from sys_course_teacher
    where course_id = #{course_id,jdbcType=INTEGER}
    and teacher_id = #{teacher_id,jdbcType=INTEGER}
  </delete>
  
  <update id="updateCourseTeacherByCourseTeacher" parameterType="com.hqyj.JWSystem.system.model.CourseTeacher" >
    update sys_classbegin
    set course_id = #{course_id,jdbcType=INTEGER},
      teacher_id = #{teacher_id,jdbcType=INTEGER}
  </update>
</mapper>