<?xml version="1.0" encoding="UTF-8" ?>
<!DOCTYPE mapper PUBLIC "-//mybatis.org//DTD Mapper 3.0//EN" "http://mybatis.org/dtd/mybatis-3-mapper.dtd" >
<mapper namespace="com.hqyj.JWSystem.system.dao.CourseMapper">
	<resultMap id="BaseResultMap" type="com.hqyj.JWSystem.system.model.Course">
		<id column="course_id" property="course_id" jdbcType="INTEGER" />
		<result column="course_name" property="course_name" jdbcType="VARCHAR" />
		<result column="credit" property="credit" jdbcType="DOUBLE" />
		<result column="hour" property="hour" jdbcType="INTEGER" />
		<result column="course_type" property="course_type" jdbcType="VARCHAR" />
	</resultMap>
	<resultMap id="DetailsCourseResultMap" type="com.hqyj.JWSystem.system.model.ActiveCourse">
		<result column="course_id" property="course_id" jdbcType="INTEGER" />
		<result column="course_name" property="course_name" jdbcType="VARCHAR" />
		<result column="credit" property="credit" jdbcType="DOUBLE" />
		<result column="hour" property="hour" jdbcType="INTEGER" />
		<result column="course_type" property="course_type" jdbcType="VARCHAR" />
		<result column="class_name" property="class_name" jdbcType="VARCHAR" />
		<result column="dep_name" property="dep_name" jdbcType="VARCHAR" />
	</resultMap>
	<sql id="Base_Column_List">
		course_id, course_name, credit, hour, course_type
	</sql>
	<select id="selectByPrimaryKey" resultMap="BaseResultMap"
		parameterType="java.lang.Integer">
		select
		<include refid="Base_Column_List" />
		from sys_course
		where course_id = #{course_id,jdbcType=INTEGER}
	</select>
	<delete id="deleteByPrimaryKey" parameterType="java.lang.Integer">
		delete from
		sys_course
		where course_id = #{course_id,jdbcType=INTEGER}
	</delete>
	<insert id="insert" parameterType="com.hqyj.JWSystem.system.model.Course">
		insert into sys_course
		(course_id, course_name, credit,
		hour, course_type)
		values
		(#{course_id,jdbcType=INTEGER}, #{course_name,jdbcType=VARCHAR},
		#{credit,jdbcType=DOUBLE},
		#{hour,jdbcType=INTEGER},
		#{course_type,jdbcType=VARCHAR})
	</insert>
	<insert id="insertSelective" parameterType="com.hqyj.JWSystem.system.model.Course">
		insert into sys_course
		<trim prefix="(" suffix=")" suffixOverrides=",">
			<if test="course_id != null">
				course_id,
			</if>
			<if test="course_name != null">
				course_name,
			</if>
			<if test="credit != null">
				credit,
			</if>
			<if test="hour != null">
				hour,
			</if>
			<if test="course_type != null">
				course_type,
			</if>
		</trim>
		<trim prefix="values (" suffix=")" suffixOverrides=",">
			<if test="course_id != null">
				#{course_id,jdbcType=INTEGER},
			</if>
			<if test="course_name != null">
				#{course_name,jdbcType=VARCHAR},
			</if>
			<if test="credit != null">
				#{credit,jdbcType=DOUBLE},
			</if>
			<if test="hour != null">
				#{hour,jdbcType=INTEGER},
			</if>
			<if test="course_type != null">
				#{course_type,jdbcType=VARCHAR},
			</if>
		</trim>
	</insert>
	<update id="updateByPrimaryKeySelective" parameterType="com.hqyj.JWSystem.system.model.Course">
		update sys_course
		<set>
			<if test="course_name != null">
				course_name = #{course_name,jdbcType=VARCHAR},
			</if>
			<if test="credit != null">
				credit = #{credit,jdbcType=DOUBLE},
			</if>
			<if test="hour != null">
				hour = #{hour,jdbcType=INTEGER},
			</if>
			<if test="course_type != null">
				course_type = #{course_type,jdbcType=VARCHAR},
			</if>
		</set>
		where course_id = #{course_id,jdbcType=INTEGER}
	</update>
	<update id="updateByPrimaryKey" parameterType="com.hqyj.JWSystem.system.model.Course">
		update sys_course
		set course_name = #{course_name,jdbcType=VARCHAR},
		credit =
		#{credit,jdbcType=DOUBLE},
		hour = #{hour,jdbcType=INTEGER},
		course_type
		= #{course_type,jdbcType=VARCHAR}
		where course_id =
		#{course_id,jdbcType=INTEGER}
	</update>

	<!-- ========================================================= -->
	<!-- 查询所有课程 -->
	<select id="queryAll" resultMap="BaseResultMap" parameterType="java.util.ArrayList">
		select *
		from sys_course
		<if test="list!=null">
			where course_name not in
			<foreach collection="list" item="courseList" open="("
				separator="," close=")">
				'${courseList.course_name}'
			</foreach>
		</if>
	</select>
	<!-- 通过ID查询开课表里所分配的班级信息-->
	<select id="queryAllById" resultMap="BaseResultMap" parameterType="java.lang.Integer">
		select *
		from sys_classbegin where course_id=#{course_id}
	</select> 
	<!-- 模糊查询查询 -->
	<select id="queryAllCourseByCourse_name_screen" resultMap="BaseResultMap" parameterType="java.lang.String">
		select *
		from sys_course
		<if test="course_name_screen!=null">
			where course_name like '%${course_name_screen}%'
		</if>
	</select>
	<!-- 查询课程详情 -->
	<select id="queryCourseDetailsByCourse_id" resultMap="DetailsCourseResultMap"
		parameterType="java.lang.Integer">
		SELECT
		sys_course.course_id,
		sys_course.course_name,
		sys_course.credit,
		sys_course.`hour`,
		sys_course.course_type,
		sys_dep.dep_name,
		sys_class.major_name
		FROM
		sys_course
		INNER JOIN sys_classbegin ON sys_course.course_id =
		sys_classbegin.course_id
		INNER JOIN sys_class ON sys_classbegin.class_id = sys_class.class_id
		INNER JOIN sys_dep ON sys_class.dep_id = sys_dep.dep_id
		where sys_course.course_id=#{course_id}
	</select>
</mapper>