<?xml version="1.0" encoding="UTF-8" ?>
<!DOCTYPE mapper PUBLIC "-//mybatis.org//DTD Mapper 3.0//EN" "http://mybatis.org/dtd/mybatis-3-mapper.dtd" >
<mapper namespace="com.hqyj.JWSystem.system.dao.DepMapper" >
  <resultMap id="BaseResultMap" type="com.hqyj.JWSystem.system.model.Dep" >
    <id column="dep_id" property="dep_id" jdbcType="INTEGER" />
    <result column="dep_name" property="dep_name" jdbcType="VARCHAR" />
  </resultMap>
  <sql id="Base_Column_List" >
    dep_id, dep_name
  </sql>
  <select id="selectByPrimaryKey" resultMap="BaseResultMap" parameterType="java.lang.Integer" >
    select 
    <include refid="Base_Column_List" />
    from sys_dep
    where dep_id = #{dep_id,jdbcType=INTEGER}
  </select>
  <delete id="deleteByPrimaryKey" parameterType="java.lang.Integer" >
    delete from sys_dep
    where dep_id = #{dep_id,jdbcType=INTEGER}
  </delete>
  <insert id="insert" parameterType="com.hqyj.JWSystem.system.model.Dep" >
    insert into sys_dep (dep_id, dep_name)
    values (#{dep_id,jdbcType=INTEGER}, #{dep_name,jdbcType=VARCHAR})
  </insert>
  <insert id="insertSelective" parameterType="com.hqyj.JWSystem.system.model.Dep" >
    insert into sys_dep
    <trim prefix="(" suffix=")" suffixOverrides="," >
      <if test="dep_id != null" >
        dep_id,
      </if>
      <if test="dep_name != null" >
        dep_name,
      </if>
    </trim>
    <trim prefix="values (" suffix=")" suffixOverrides="," >
      <if test="dep_id != null" >
        #{dep_id,jdbcType=INTEGER},
      </if>
      <if test="dep_name != null" >
        #{dep_name,jdbcType=VARCHAR},
      </if>
    </trim>
  </insert>
  <update id="updateByPrimaryKeySelective" parameterType="com.hqyj.JWSystem.system.model.Dep" >
    update sys_dep
    <set >
      <if test="dep_name != null" >
        dep_name = #{dep_name,jdbcType=VARCHAR},
      </if>
    </set>
    where dep_id = #{dep_id,jdbcType=INTEGER}
  </update>
  <update id="updateByPrimaryKey" parameterType="com.hqyj.JWSystem.system.model.Dep" >
    update sys_dep
    set dep_name = #{dep_name,jdbcType=VARCHAR}
    where dep_id = #{dep_id,jdbcType=INTEGER}
  </update>
  <!-- ********************************************tf******************************************** -->
  <select id="queryAllByStudent" resultMap="BaseResultMap"  >
    select 
    <include refid="Base_Column_List" />
    from sys_dep
  </select>
  
  <select id="queryDepByDep_id" resultMap="BaseResultMap" parameterType="java.lang.String" >
    select 
    <include refid="Base_Column_List" />
    from sys_dep
    where dep_name = #{dep_name,jdbcType=VARCHAR}
  </select>
  
   <!-- ********************************************tf******************************************** -->

  <!-- mine -->
  <select id="queryAll" resultMap="BaseResultMap">
  select * from sys_dep
  </select>
  <insert id="adddep" parameterType="java.lang.String">
  insert into sys_dep (dep_name) 
  values(#{dep_name})
  </insert>

  <update id="updateby_dep_id" parameterType="com.hqyj.JWSystem.system.model.Dep">
  update sys_dep
  set dep_name=#{dep_name}
  where dep_id=#{dep_id}
  </update>
  <delete id="deleteby_dep_id" parameterType="java.lang.Integer">
  delete from sys_dep
  where dep_id=#{dep_id}
  </delete>
  <insert id="addmajor">
  insert into sys_major (major_name,dep_id) 
  values(#{major_name},#{dep_id})
  </insert>
  <update id="updateby_major_id" parameterType="java.lang.Integer">
  update sys_major
  set major_name=#{major_name}
  where major_id=#{major_id}
  </update>
  <select id="querydistinct" parameterType="java.lang.String" resultMap="BaseResultMap">
  select *from sys_dep
  where dep_name like '%${dep_name}%'
  </select>
<delete id="deleteby_dep_id_pl" parameterType="java.util.ArrayList">
 delete from sys_dep
 where dep_id in
 <foreach collection="dep_id_check_list" item="dep_id_check_list" open="(" separator="," close=")">
 ${dep_id_check_list}
 </foreach>
</delete>
</mapper>