<?xml version="1.0" encoding="UTF-8" ?>
<!DOCTYPE mapper PUBLIC "-//mybatis.org//DTD Mapper 3.0//EN" "http://mybatis.org/dtd/mybatis-3-mapper.dtd" >
<mapper namespace="com.hqyj.JWSystem.system.dao.ExamMapper">
	<resultMap id="BaseResultMap" type="com.hqyj.JWSystem.system.model.Exam">
		<id column="exam_id" property="exam_id" jdbcType="INTEGER" />
		<result column="course_id" property="course_id" jdbcType="INTEGER" />
		<result column="exam_time" property="exam_time" jdbcType="TIMESTAMP" />
		<result column="exam_longtime" property="exam_longtime"
			jdbcType="INTEGER" />
		<result column="room_id" property="room_id" jdbcType="INTEGER" />
		<result column="people" property="people" jdbcType="INTEGER" />
		<result column="teacher_id" property="teacher_id" jdbcType="INTEGER" />
	</resultMap>
	<resultMap id="ActiveExam" type="com.hqyj.JWSystem.system.model.ActiveExam">
		<result column="exam_id" property="exam_id" jdbcType="INTEGER" />
		<result column="course_name" property="course_name" jdbcType="INTEGER" />
		<result column="exam_time" property="exam_time" jdbcType="TIMESTAMP" />
		<result column="exam_longtime" property="exam_longtime"
			jdbcType="INTEGER" />
		<result column="class_room" property="class_room" jdbcType="INTEGER" />
		<result column="teacher_name" property="teacher_name" jdbcType="INTEGER" />
	</resultMap>
	<sql id="Base_Column_List">
		exam_id, course_id, exam_time, exam_longtime, room_id,
		people, teacher_id
	</sql>
	<select id="selectByPrimaryKey" resultMap="BaseResultMap"
		parameterType="java.lang.Integer">
		select
		<include refid="Base_Column_List" />
		from sys_exam
		where exam_id = #{exam_id,jdbcType=INTEGER}
	</select>
	<delete id="deleteByPrimaryKey" parameterType="java.lang.Integer">
		delete from
		sys_exam
		where exam_id = #{exam_id,jdbcType=INTEGER}
	</delete>
	<insert id="insert" parameterType="com.hqyj.JWSystem.system.model.Exam">
		insert into sys_exam (exam_id,
		course_id, exam_time,
		exam_longtime, room_id, people,
		teacher_id)
		values
		(#{exam_id,jdbcType=INTEGER}, #{course_id,jdbcType=INTEGER},
		#{exam_time,jdbcType=TIMESTAMP},
		#{exam_longtime,jdbcType=INTEGER},
		#{room_id,jdbcType=INTEGER}, #{people,jdbcType=INTEGER},
		#{teacher_id,jdbcType=INTEGER})
	</insert>
	<insert id="insertSelective" parameterType="com.hqyj.JWSystem.system.model.Exam">
		insert into sys_exam
		<trim prefix="(" suffix=")" suffixOverrides=",">
			<if test="exam_id != null">
				exam_id,
			</if>
			<if test="course_id != null">
				course_id,
			</if>
			<if test="exam_time != null">
				exam_time,
			</if>
			<if test="exam_longtime != null">
				exam_longtime,
			</if>
			<if test="room_id != null">
				room_id,
			</if>
			<if test="people != null">
				people,
			</if>
			<if test="teacher_id != null">
				teacher_id,
			</if>
		</trim>
		<trim prefix="values (" suffix=")" suffixOverrides=",">
			<if test="exam_id != null">
				#{exam_id,jdbcType=INTEGER},
			</if>
			<if test="course_id != null">
				#{course_id,jdbcType=INTEGER},
			</if>
			<if test="exam_time != null">
				#{exam_time,jdbcType=TIMESTAMP},
			</if>
			<if test="exam_longtime != null">
				#{exam_longtime,jdbcType=INTEGER},
			</if>
			<if test="room_id != null">
				#{room_id,jdbcType=INTEGER},
			</if>
			<if test="people != null">
				#{people,jdbcType=INTEGER},
			</if>
			<if test="teacher_id != null">
				#{teacher_id,jdbcType=INTEGER},
			</if>
		</trim>
	</insert>
	<update id="updateByPrimaryKeySelective" parameterType="com.hqyj.JWSystem.system.model.Exam">
		update sys_exam
		<set>
			<if test="course_id != null">
				course_id = #{course_id,jdbcType=INTEGER},
			</if>
			<if test="exam_time != null">
				exam_time = #{exam_time,jdbcType=TIMESTAMP},
			</if>
			<if test="exam_longtime != null">
				exam_longtime = #{exam_longtime,jdbcType=INTEGER},
			</if>
			<if test="room_id != null">
				room_id = #{room_id,jdbcType=INTEGER},
			</if>
			<if test="people != null">
				people = #{people,jdbcType=INTEGER},
			</if>
			<if test="teacher_id != null">
				teacher_id = #{teacher_id,jdbcType=INTEGER},
			</if>
		</set>
		where exam_id = #{exam_id,jdbcType=INTEGER}
	</update>
	<update id="updateByPrimaryKey" parameterType="com.hqyj.JWSystem.system.model.Exam">
		update sys_exam
		set course_id = #{course_id,jdbcType=INTEGER},
		exam_time =
		#{exam_time,jdbcType=TIMESTAMP},
		exam_longtime =
		#{exam_longtime,jdbcType=INTEGER},
		room_id =
		#{room_id,jdbcType=INTEGER},
		people = #{people,jdbcType=INTEGER},
		teacher_id = #{teacher_id,jdbcType=INTEGER}
		where exam_id =
		#{exam_id,jdbcType=INTEGER}
	</update>

	<!-- ========================================================================= -->
	<!-- 查询所有考试sys_exam -->
	<select id="queryAll" resultMap="BaseResultMap"
		parameterType="com.hqyj.JWSystem.system.model.Exam">
		select *
		from sys_exam
	</select>
	<!-- 查询所有考试安排表 -->
	<select id="queryAllexamList" resultMap="ActiveExam">
		SELECT
		sys_exam.`exam_id`,
		sys_course.`course_name`,
		sys_exam.`exam_time`,
		sys_exam.`exam_longtime`,
		sys_room.`class_room`,
		sys_teacher.`teacher_name`
		FROM
		sys_exam
		INNER JOIN sys_course ON
		sys_exam.course_id = sys_course.course_id
		INNER JOIN sys_teacher ON
		sys_exam.teacher_id = sys_teacher.teacher_id
		INNER JOIN sys_room ON
		sys_room.`id`= sys_exam.`room_id`
	</select>
	<!-- 查询学生考试安排表 -->
	<select id="queryStudentExamList" resultMap="ActiveExam"
		parameterType="java.lang.Integer">
		SELECT
		sys_course.course_name,
		sys_teacher.teacher_name,
		sys_room.class_room,
		sys_exam.exam_id,
		sys_exam.exam_time,
		sys_exam.exam_longtime
		FROM
		sys_exam
		INNER JOIN sys_room ON sys_exam.room_id = sys_room.id
		INNER JOIN sys_teacher ON sys_teacher.teacher_id = sys_exam.teacher_id
		INNER JOIN sys_course ON sys_course.course_id = sys_exam.course_id
		INNER JOIN sys_stu_course ON sys_stu_course.course_id =
		sys_exam.course_id
		WHERE sys_course.course_id IN(SELECT course_id FROM sys_stu_course WHERE
		student_id=#{student_id,jdbcType=INTEGER})
	</select>
	<!-- 查询老师考试安排表 -->
	<select id="queryTeacherExamList" resultMap="ActiveExam"
		parameterType="java.lang.Integer">
		SELECT
		sys_exam.`exam_id`,
		sys_course.`course_name`,
		sys_exam.`exam_time`,
		sys_exam.`exam_longtime`,
		sys_room.`class_room`,
		sys_teacher.`teacher_name`
		FROM
		sys_exam
		INNER JOIN sys_course ON
		sys_exam.course_id = sys_course.course_id AND
		sys_course.course_id=(SELECT course_id FROM sys_course_teacher WHERE
		teacher_id=#{teacher_id,jdbcType=INTEGER} )
		INNER JOIN sys_teacher ON
		sys_exam.teacher_id =
		sys_teacher.teacher_id
		INNER JOIN sys_room ON
		sys_room.`id`=
		sys_exam.`room_id`
	</select>

	<!-- 分页 -->
	<select id="queryAllexamListPage" resultMap="ActiveExam">
		SELECT
		sys_exam.`exam_id`,
		sys_course.`course_name`,
		sys_exam.`exam_time`,
		sys_exam.`exam_longtime`,
		sys_room.`class_room`,
		sys_teacher.`teacher_name`
		FROM
		sys_exam
		INNER JOIN sys_course ON
		sys_exam.course_id = sys_course.course_id
		INNER JOIN sys_teacher ON
		sys_exam.teacher_id = sys_teacher.teacher_id
		INNER JOIN sys_room ON
		sys_room.`id`= sys_exam.`room_id`
	</select>
</mapper>