<?xml version="1.0" encoding="UTF-8" ?>
<!DOCTYPE mapper PUBLIC "-//mybatis.org//DTD Mapper 3.0//EN" "http://mybatis.org/dtd/mybatis-3-mapper.dtd" >
<mapper namespace="com.hqyj.JWSystem.system.dao.GEMapper">
	<resultMap id="BaseResultMap"
		type="com.hqyj.JWSystem.system.model.GradeExamination">
		<result column="student_id" property="student_id" jdbcType="INTEGER" />
		<result column="student_name" property="student_name" jdbcType="INTEGER" />
		<result column="idcard" property="idcard" jdbcType="INTEGER" />
		<result column="age" property="age" jdbcType="INTEGER" />
		<result column="sex" property="sex" jdbcType="INTEGER" />
		<result column="ncre" property="ncre" jdbcType="INTEGER" />
		<result column="ncre_date" property="ncre_date" jdbcType="TIMESTAMP" />
		<result column="cet" property="cet" jdbcType="INTEGER" />
		<result column="cet_date" property="cet_date" jdbcType="TIMESTAMP" />
	</resultMap>

	<!-- 查询所有考试sys_ge -->
	<select id="queryAll" resultMap="BaseResultMap"
		parameterType="com.hqyj.JWSystem.system.model.GradeExamination">
		select *
		from sys_ge
		where 1=1
		<if test="student_id != null">
			and student_id = #{student_id,jdbcType=INTEGER}
		</if>
	</select>
	<!-- 查询学生是否报过名 -->
	<select id="queryByStudent_id" resultMap="BaseResultMap"
		parameterType="java.lang.Integer">
		select *
		from sys_ge where student_id=#{student_id}
	</select>
	<!-- 修改 -->
	<update id="updatencreByStudent_id" parameterType="com.hqyj.JWSystem.system.model.GradeExamination">
		update sys_ge
		<set>
			ncre = #{ncre}
		</set>
		where student_id = #{student_id,jdbcType=INTEGER}
	</update>
	<!-- 修改 -->
	<update id="updatecetByStudent_id" parameterType="com.hqyj.JWSystem.system.model.GradeExamination">
		update sys_ge
		<set>
			cet = #{cet}
		</set>
		where student_id = #{student_id,jdbcType=INTEGER}
	</update>
	<insert id="insertSelective" parameterType="com.hqyj.JWSystem.system.model.GradeExamination">
		insert into sys_ge
		<trim prefix="(" suffix=")" suffixOverrides=",">
			<if test="student_id != null">
				student_id,
			</if>
			<if test="student_name != null">
				student_name,
			</if>
			<if test="idcard != null">
				idcard,
			</if>
			<if test="age != null">
				age,
			</if>
			<if test="sex != null">
				sex,
			</if>
			<if test="ncre != null">
				ncre,
			</if>
			<if test="ncre_score != null">
				ncre_score,
			</if>
			<if test="ncre_date != null">
				ncre_date,
			</if>
			<if test="cet != null">
				cet,
			</if>
			<if test="cet_score != null">
				cet_score,
			</if>
			<if test="cet_date != null">
				cet_date,
			</if>
		</trim>
		<trim prefix="values (" suffix=")" suffixOverrides=",">
			<if test="student_id != null">
				#{student_id,jdbcType=INTEGER},
			</if>
			<if test="student_name != null">
				#{student_name,jdbcType=INTEGER},
			</if>
			<if test="idcard != null">
				#{idcard,jdbcType=INTEGER},
			</if>
			<if test="age != null">
				#{age,jdbcType=INTEGER},
			</if>
			<if test="sex != null">
				#{sex,jdbcType=INTEGER},
			</if>
			<if test="ncre != null">
				#{ncre,jdbcType=INTEGER},
			</if>
			<if test="ncre_score != null">
				#{ncre_score,jdbcType=INTEGER},
			</if>
			<if test="ncre_date != null">
				#{ncre_date,jdbcType=TIMESTAMP},
			</if>
			<if test="cet != null">
				#{cet,jdbcType=INTEGER},
			</if>
			<if test="cet_score != null">
				#{cet_score,jdbcType=INTEGER},
			</if>
			<if test="cet_date != null">
				#{cet_date,jdbcType=TIMESTAMP},
			</if>
		</trim>
	</insert>
</mapper>