<?xml version="1.0" encoding="UTF-8" ?>
<!DOCTYPE mapper PUBLIC "-//mybatis.org//DTD Mapper 3.0//EN" "http://mybatis.org/dtd/mybatis-3-mapper.dtd" >
<mapper namespace="com.hqyj.JWSystem.system.dao.InformationMapper" >
  <resultMap id="BaseResultMap" type="com.hqyj.JWSystem.system.model.Information" >
    <id column="id" property="id" jdbcType="INTEGER" />
    <result column="info" property="info" jdbcType="VARCHAR" />
    <result column="fulltime" property="fulltime" jdbcType="TIMESTAMP" />
  </resultMap>
  <sql id="Base_Column_List" >
    id, info, fulltime
  </sql>
  <select id="selectByPrimaryKey" resultMap="BaseResultMap" parameterType="java.lang.Integer" >
    select 
    <include refid="Base_Column_List" />
    from sys_information
    where id = #{id,jdbcType=INTEGER}
  </select>
  <delete id="deleteinformationByid" parameterType="java.lang.Integer" >
    delete from sys_information
    where id = #{id,jdbcType=INTEGER}
  </delete>
  <insert id="addinformation" parameterType="com.hqyj.JWSystem.system.model.Information" >
    insert into sys_information (id, info, fulltime
      )
    values (#{id,jdbcType=INTEGER}, #{info,jdbcType=VARCHAR}, #{fulltime,jdbcType=TIMESTAMP}
      )
  </insert>
  <insert id="insertSelective" parameterType="com.hqyj.JWSystem.system.model.Information" >
    insert into sys_information
    <trim prefix="(" suffix=")" suffixOverrides="," >
      <if test="id != null" >
        id,
      </if>
      <if test="info != null" >
        info,
      </if>
      <if test="fulltime != null" >
        fulltime,
      </if>
    </trim>
    <trim prefix="values (" suffix=")" suffixOverrides="," >
      <if test="id != null" >
        #{id,jdbcType=INTEGER},
      </if>
      <if test="info != null" >
        #{info,jdbcType=VARCHAR},
      </if>
      <if test="fulltime != null" >
        #{fulltime,jdbcType=TIMESTAMP},
      </if>
    </trim>
  </insert>
  <update id="updateByPrimaryKeySelective" parameterType="com.hqyj.JWSystem.system.model.Information" >
    update sys_information
    <set >
      <if test="info != null" >
        info = #{info,jdbcType=VARCHAR},
      </if>
      <if test="fulltime != null" >
        fulltime = #{fulltime,jdbcType=TIMESTAMP},
      </if>
    </set>
    where id = #{id,jdbcType=INTEGER}
  </update>
  <update id="updateByPrimaryKey" parameterType="com.hqyj.JWSystem.system.model.Information" >
    update sys_information
    set info = #{info,jdbcType=VARCHAR},
      fulltime = #{fulltime,jdbcType=TIMESTAMP}
    where id = #{id,jdbcType=INTEGER}
  </update>
  
  <select id="queryInformation" resultMap="BaseResultMap" parameterType="com.hqyj.JWSystem.system.model.Information" >
    select 
    *from sys_information
  </select>
</mapper>