<?xml version="1.0" encoding="UTF-8" ?>
<!DOCTYPE mapper PUBLIC "-//mybatis.org//DTD Mapper 3.0//EN" "http://mybatis.org/dtd/mybatis-3-mapper.dtd" >
<mapper namespace="com.hqyj.JWSystem.system.dao.MajorMapper" >
  <resultMap id="BaseResultMap" type="com.hqyj.JWSystem.system.model.Major" >
    <id column="major_id" property="major_id" jdbcType="INTEGER" />
    <result column="major_name" property="major_name" jdbcType="VARCHAR" />
    <result column="dep_id" property="dep_id" jdbcType="INTEGER" />
  </resultMap>
  <sql id="Base_Column_List" >
    major_id, major_name, dep_id
  </sql>
  <select id="selectByPrimaryKey" resultMap="BaseResultMap" parameterType="java.lang.Integer" >
    select 
    <include refid="Base_Column_List" />
    from sys_major
    where major_id = #{major_id,jdbcType=INTEGER}
  </select>
  <delete id="deleteByPrimaryKey" parameterType="java.lang.Integer" >
    delete from sys_major
    where major_id = #{major_id,jdbcType=INTEGER}
  </delete>
  <insert id="insert" parameterType="com.hqyj.JWSystem.system.model.Major" >
    insert into sys_major (major_id, major_name, dep_id
      )
    values (#{major_id,jdbcType=INTEGER}, #{major_name,jdbcType=VARCHAR}, #{dep_id,jdbcType=INTEGER}
      )
  </insert>
  <insert id="insertSelective" parameterType="com.hqyj.JWSystem.system.model.Major" >
    insert into sys_major
    <trim prefix="(" suffix=")" suffixOverrides="," >
      <if test="major_id != null" >
        major_id,
      </if>
      <if test="major_name != null" >
        major_name,
      </if>
      <if test="dep_id != null" >
        dep_id,
      </if>
    </trim>
    <trim prefix="values (" suffix=")" suffixOverrides="," >
      <if test="major_id != null" >
        #{major_id,jdbcType=INTEGER},
      </if>
      <if test="major_name != null" >
        #{major_name,jdbcType=VARCHAR},
      </if>
      <if test="dep_id != null" >
        #{dep_id,jdbcType=INTEGER},
      </if>
    </trim>
  </insert>
  <update id="updateByPrimaryKeySelective" parameterType="com.hqyj.JWSystem.system.model.Major" >
    update sys_major
    <set >
      <if test="major_name != null" >
        major_name = #{major_name,jdbcType=VARCHAR},
      </if>
      <if test="dep_id != null" >
        dep_id = #{dep_id,jdbcType=INTEGER},
      </if>
    </set>
    where major_id = #{major_id,jdbcType=INTEGER}
  </update>
  <update id="updateByPrimaryKey" parameterType="com.hqyj.JWSystem.system.model.Major" >
    update sys_major
    set major_name = #{major_name,jdbcType=VARCHAR},
      dep_id = #{dep_id,jdbcType=INTEGER}
    where major_id = #{major_id,jdbcType=INTEGER}
  </update>
  <!--  mine -->
  <select id="queryAll" resultMap="BaseResultMap">
  select * from sys_major
  </select>
  <select id="querybydep_id" resultMap="BaseResultMap">
  select * from sys_major
  where dep_id=#{dep_id}
  </select>

  <update id="updatemajor" parameterType="com.hqyj.JWSystem.system.model.Major">
  update sys_major
  set major_name=#{major_name},dep_id=#{dep_id}
  where major_id=#{major_id}
  </update>
  <delete id="deleteby_major_id" parameterType="java.lang.Integer">
  delete from sys_major
  where major_id=#{major_id}
  </delete>
  <delete id="deleteby_dep_id" parameterType="java.lang.Integer">
  delete from sys_major
  where dep_id=#{dep_id}
  </delete>
  <select id="query_distinct_major" parameterType="com.hqyj.JWSystem.system.model.Major" resultMap="BaseResultMap">
  select * from sys_major
  where dep_id=#{dep_id}
  and major_name like '%${major_name}%'
  </select>

  
  <!-- ************************************************tf******************************************** -->
  <select id="queryAllByMajor" resultMap="BaseResultMap" >
    select 
    <include refid="Base_Column_List" />
    from sys_major
   
  </select>
  
  <select id="queryDepByMajor_id" resultMap="BaseResultMap" parameterType="java.lang.String" >
    select 
    <include refid="Base_Column_List" />
    from sys_major
    where major_name = #{major_name,jdbcType=VARCHAR}
  </select>
  
   <!-- ************************************************tf******************************************** -->

</mapper>