<?xml version="1.0" encoding="UTF-8" ?>
<!DOCTYPE mapper PUBLIC "-//mybatis.org//DTD Mapper 3.0//EN" "http://mybatis.org/dtd/mybatis-3-mapper.dtd" >
<mapper namespace="com.hqyj.JWSystem.system.dao.PermissionMapper" >
  <resultMap id="BaseResultMap" type="com.hqyj.JWSystem.system.model.Permission" >
    <id column="permission_id" property="permission_id" jdbcType="INTEGER" />
    <result column="p_id" property="p_id" jdbcType="INTEGER" />
    <result column="name" property="name" jdbcType="VARCHAR" />
    <result column="type" property="type" jdbcType="VARCHAR" />
    <result column="desc" property="desc" jdbcType="VARCHAR" />
    <result column="url" property="url" jdbcType="VARCHAR" />
    <result column="create_time" property="create_time" jdbcType="TIMESTAMP" />
     <result column="percode" property="percode" jdbcType="VARCHAR" />
  </resultMap>
  <sql id="Base_Column_List" >
    permission_id, p_id, name, type, desc, url, create_time,percode
  </sql>
  <select id="selectByPrimaryKey" resultMap="BaseResultMap" parameterType="java.lang.Integer" >
    select 
    *
    from sys_permission
    where permission_id = #{permission_id,jdbcType=INTEGER}
  </select>
  <delete id="deleteByPrimaryKey" parameterType="java.lang.Integer" >
    delete from sys_permission
    where permission_id = #{permission_id,jdbcType=INTEGER}
  </delete>
  <insert id="insert" parameterType="com.hqyj.JWSystem.system.model.Permission" >
    insert into sys_permission (permission_id, p_id, name, 
      type, desc, url, create_time, percode
      )
    values (#{permission_id,jdbcType=INTEGER}, #{p_id,jdbcType=INTEGER}, #{name,jdbcType=VARCHAR}, #{type,jdbcType=VARCHAR}, #{desc,jdbcType=VARCHAR}, #{url,jdbcType=VARCHAR}, #{create_time,jdbcType=TIMESTAMP
      } ,#{percode,jdbcType=VARCHAR}
      )
  </insert>
  <insert id="insertSelective" parameterType="com.hqyj.JWSystem.system.model.Permission" >
    insert into sys_permission
    <trim prefix="(" suffix=")" suffixOverrides="," >
      <if test="permission_id != null" >
        permission_id,
      </if>
      <if test="p_id != null" >
        p_id,
      </if>
      <if test="name != null" >
        name,
      </if>
      <if test="type != null" >
        type,
      </if>
      <if test="desc != null" >
        desc,
      </if>
      <if test="url != null" >
        url,
      </if>
      <if test="create_time != null" >
        create_time,
      </if>
      <if test="percode != null" >
        percode,
      </if>
    </trim>
    <trim prefix="values (" suffix=")" suffixOverrides="," >
      <if test="permission_id != null" >
        #{permission_id,jdbcType=INTEGER},
      </if>
      <if test="p_id != null" >
        #{p_id,jdbcType=INTEGER},
      </if>
      <if test="name != null" >
        #{name,jdbcType=VARCHAR},
      </if>
      <if test="type != null" >
        #{type,jdbcType=VARCHAR},
      </if>
      <if test="desc != null" >
        #{desc,jdbcType=VARCHAR},
      </if>
      <if test="url != null" >
        #{url,jdbcType=VARCHAR},
      </if>
      <if test="create_time != null" >
        #{create_time,jdbcType=TIMESTAMP},
      </if>
      <if test="percode != null" >
        #{percode,jdbcType=VARCHAR},
      </if>
    </trim>
  </insert>
  <update id="updateByPrimaryKeySelective" parameterType="com.hqyj.JWSystem.system.model.Permission" >
    update sys_permission
    <set >
      <if test="p_id != null" >
        p_id = #{p_id,jdbcType=INTEGER},
      </if>
      <if test="name != null" >
        name = #{name,jdbcType=VARCHAR},
      </if>
      <if test="type != null" >
        type = #{type,jdbcType=VARCHAR},
      </if>
      <if test="desc != null" >
        desc = #{desc,jdbcType=VARCHAR},
      </if>
      <if test="url != null" >
        url = #{url,jdbcType=VARCHAR},
      </if>
      <if test="create_time != null" >
        create_time = #{create_time,jdbcType=TIMESTAMP},
      </if>
      <if test="percode != null" >
        percode = #{percode,jdbcType=VARCHAR},
      </if>
    </set>
    where permission_id = #{permission_id,jdbcType=INTEGER}
  </update>
  <update id="updateByPrimaryKey" parameterType="com.hqyj.JWSystem.system.model.Permission" >
    update sys_permission
    set p_id = #{p_id,jdbcType=INTEGER},
      name = #{name,jdbcType=VARCHAR},
      type = #{type,jdbcType=VARCHAR},
      desc = #{desc,jdbcType=VARCHAR},
      url = #{url,jdbcType=VARCHAR},
      create_time = #{create_time,jdbcType=TIMESTAMP}
      percode = #{percode,jdbcType=VARCHAR}
    where permission_id = #{permission_id,jdbcType=INTEGER}
  </update>
  
  
  <select id="queryMenuByUserId" resultMap="BaseResultMap" parameterType="java.lang.Integer">
		SELECT
		*
		FROM
		sys_permission
		WHERE
		type = 'menu'
		AND permission_id IN (
		SELECT
		permission_id
		FROM
		sys_role_permission
		WHERE
		role_id IN (
		SELECT
		role_id
		FROM
		sys_user_role
		WHERE
		user_id = #{user_id,jdbcType=INTEGER}
		)
		)
	</select>
	
	<select id="querypermissionByUserId" resultMap="BaseResultMap" parameterType="java.lang.Integer">
		SELECT
		*
		FROM
		sys_permission
		WHERE
		type = 'permission'
		AND permission_id IN (
		SELECT
		permission_id
		FROM
		sys_role_permission
		WHERE
		role_id IN (
		SELECT
		role_id
		FROM
		sys_user_role
		WHERE
		user_id = #{user_id,jdbcType=INTEGER}
		)
		)
	</select>
	
	<select id="querypermissionByPId_Son" resultMap="BaseResultMap" parameterType="java.lang.Integer">
	SELECT
	*
	FROM
	sys_permission
	INNER JOIN sys_role_permission ON sys_role_permission.permission_id =
	sys_permission.permission_id
	INNER JOIN sys_user_role ON sys_user_role.role_id =
	sys_role_permission.role_id
	WHERE
	p_id = #{permission_id,jdbcType=INTEGER}
	AND user_id =#{user_id,jdbcType=INTEGER}
	</select>
	
	<select id="queryall" resultMap="BaseResultMap">
		select
		*
		from sys_permission
	</select>

<select id="query_XZ_CByrole_id" resultMap="BaseResultMap" parameterType="java.lang.Integer">
		SELECT
	sys_permission.permission_id,
	sys_permission.p_id,
	sys_permission.name,
  sys_permission.type,
	sys_permission.desc,
	sys_permission.url,
	sys_permission.create_time,
  sys_permission.percode
FROM
	sys_role_permission
INNER JOIN sys_permission ON sys_role_permission.permission_id = sys_permission.permission_id
WHERE
	role_id = #{role_id,jdbcType=INTEGER}
	</select>
	
	
	<insert id="addpermission" parameterType="com.hqyj.JWSystem.system.model.Permission" >
    insert into sys_permission (permission_id, p_id, name, 
      type, url, create_time, percode
      )
    values (#{permission_id,jdbcType=INTEGER}, #{p_id,jdbcType=INTEGER}, #{name,jdbcType=VARCHAR}, #{type,jdbcType=VARCHAR}, #{url,jdbcType=VARCHAR}, #{create_time,jdbcType=TIMESTAMP
      } ,#{percode,jdbcType=VARCHAR}
      )
  </insert>
  
   <select id="queryUserTotalRecord" resultType="Int" >
    SELECT count(*) FROM  sys_permission
  </select>
  
  <select id="queryCurrentPageDataList" resultMap="BaseResultMap"  parameterType="java.lang.Integer" >
    SELECT * FROM  sys_permission LIMIT  #{i,jdbcType=INTEGER},#{ps,jdbcType=INTEGER}
  </select>
</mapper>