<?xml version="1.0" encoding="UTF-8" ?>
<!DOCTYPE mapper PUBLIC "-//mybatis.org//DTD Mapper 3.0//EN" "http://mybatis.org/dtd/mybatis-3-mapper.dtd" >
<mapper namespace="com.hqyj.JWSystem.system.dao.RoleMapper" >
  <resultMap id="BaseResultMap" type="com.hqyj.JWSystem.system.model.Role" >
    <id column="role_id" property="role_id" jdbcType="INTEGER" />
    <result column="role_name" property="role_name" jdbcType="VARCHAR" />
    <result column="role_desc" property="role_desc" jdbcType="VARCHAR" />
    <result column="role_state" property="role_state" jdbcType="VARCHAR" />
    <result column="create_time" property="create_time" jdbcType="TIMESTAMP" />
  </resultMap>
  <sql id="Base_Column_List" >
    role_id, role_name, role_desc, role_state, create_time
  </sql>
  <select id="selectByPrimaryKey" resultMap="BaseResultMap" parameterType="java.lang.Integer" >
    select 
    <include refid="Base_Column_List" />
    from sys_role
    where role_id = #{role_id,jdbcType=INTEGER}
  </select>
  <delete id="deleteByPrimaryKey" parameterType="java.lang.Integer" >
    delete from sys_role
    where role_id = #{role_id,jdbcType=INTEGER}
  </delete>
  <insert id="insert" parameterType="com.hqyj.JWSystem.system.model.Role" >
    insert into sys_role (role_id, role_name, role_desc, 
      role_state, create_time)
    values (#{role_id,jdbcType=INTEGER}, #{role_name,jdbcType=VARCHAR}, #{role_desc,jdbcType=VARCHAR}, 
      #{role_state,jdbcType=VARCHAR}, #{create_time,jdbcType=TIMESTAMP})
  </insert>
  <insert id="insertSelective" parameterType="com.hqyj.JWSystem.system.model.Role" >
    insert into sys_role
    <trim prefix="(" suffix=")" suffixOverrides="," >
      <if test="role_id != null" >
        role_id,
      </if>
      <if test="role_name != null" >
        role_name,
      </if>
      <if test="role_desc != null" >
        role_desc,
      </if>
      <if test="role_state != null" >
        role_state,
      </if>
      <if test="create_time != null" >
        create_time,
      </if>
    </trim>
    <trim prefix="values (" suffix=")" suffixOverrides="," >
      <if test="role_id != null" >
        #{role_id,jdbcType=INTEGER},
      </if>
      <if test="role_name != null" >
        #{role_name,jdbcType=VARCHAR},
      </if>
      <if test="role_desc != null" >
        #{role_desc,jdbcType=VARCHAR},
      </if>
      <if test="role_state != null" >
        #{role_state,jdbcType=VARCHAR},
      </if>
      <if test="create_time != null" >
        #{create_time,jdbcType=TIMESTAMP},
      </if>
    </trim>
  </insert>
  <update id="updateByPrimaryKeySelective" parameterType="com.hqyj.JWSystem.system.model.Role" >
    update sys_role
    <set >
      <if test="role_name != null" >
        role_name = #{role_name,jdbcType=VARCHAR},
      </if>
      <if test="role_desc != null" >
        role_desc = #{role_desc,jdbcType=VARCHAR},
      </if>
      <if test="role_state != null" >
        role_state = #{role_state,jdbcType=VARCHAR},
      </if>
      <if test="create_time != null" >
        create_time = #{create_time,jdbcType=TIMESTAMP},
      </if>
    </set>
    where role_id = #{role_id,jdbcType=INTEGER}
  </update>
  <update id="updateByPrimaryKey" parameterType="com.hqyj.JWSystem.system.model.Role" >
    update sys_role
    set role_name = #{role_name,jdbcType=VARCHAR},
      role_desc = #{role_desc,jdbcType=VARCHAR},
      role_state = #{role_state,jdbcType=VARCHAR},
      create_time = #{create_time,jdbcType=TIMESTAMP}
    where role_id = #{role_id,jdbcType=INTEGER}
  </update>
  
 <select id="queryall" resultMap="BaseResultMap"  >
    select 
    <include refid="Base_Column_List" />
    from sys_role
  </select>
  
</mapper>