<?xml version="1.0" encoding="UTF-8" ?>
<!DOCTYPE mapper PUBLIC "-//mybatis.org//DTD Mapper 3.0//EN" "http://mybatis.org/dtd/mybatis-3-mapper.dtd" >
<mapper namespace="com.hqyj.JWSystem.system.dao.RolePermissionMapper" >
  <resultMap id="BaseResultMap" type="com.hqyj.JWSystem.system.model.RolePermission" >
    <id column="role_permission_id" property="role_permission_id" jdbcType="INTEGER" />
    <result column="role_id" property="role_id" jdbcType="INTEGER" />
    <result column="permission_id" property="permission_id" jdbcType="INTEGER" />
  </resultMap>
  <sql id="Base_Column_List" >
    role_permission_id, role_id, permission_id
  </sql>
  <select id="selectByPrimaryKey" resultMap="BaseResultMap" parameterType="java.lang.Integer" >
    select 
    <include refid="Base_Column_List" />
    from sys_role_permission
    where role_permission_id = #{role_permission_id,jdbcType=INTEGER}
  </select>
  <delete id="deleteByPrimaryKey" parameterType="java.lang.Integer" >
    delete from sys_role_permission
    where role_permission_id = #{role_permission_id,jdbcType=INTEGER}
  </delete>
  <insert id="insert" parameterType="com.hqyj.JWSystem.system.model.RolePermission" >
    insert into sys_role_permission (role_permission_id, role_id, permission_id
      )
    values (#{role_permission_id,jdbcType=INTEGER}, #{role_id,jdbcType=INTEGER}, #{permission_id,jdbcType=INTEGER}
      )
  </insert>
  <insert id="insertSelective" parameterType="com.hqyj.JWSystem.system.model.RolePermission" >
    insert into sys_role_permission
    <trim prefix="(" suffix=")" suffixOverrides="," >
      <if test="role_permission_id != null" >
        role_permission_id,
      </if>
      <if test="role_id != null" >
        role_id,
      </if>
      <if test="permission_id != null" >
        permission_id,
      </if>
    </trim>
    <trim prefix="values (" suffix=")" suffixOverrides="," >
      <if test="role_permission_id != null" >
        #{role_permission_id,jdbcType=INTEGER},
      </if>
      <if test="role_id != null" >
        #{role_id,jdbcType=INTEGER},
      </if>
      <if test="permission_id != null" >
        #{permission_id,jdbcType=INTEGER},
      </if>
    </trim>
  </insert>
  <update id="updateByPrimaryKeySelective" parameterType="com.hqyj.JWSystem.system.model.RolePermission" >
    update sys_role_permission
    <set >
      <if test="role_id != null" >
        role_id = #{role_id,jdbcType=INTEGER},
      </if>
      <if test="permission_id != null" >
        permission_id = #{permission_id,jdbcType=INTEGER},
      </if>
    </set>
    where role_permission_id = #{role_permission_id,jdbcType=INTEGER}
  </update>
  <update id="updateByPrimaryKey" parameterType="com.hqyj.JWSystem.system.model.RolePermission" >
    update sys_role_permission
    set role_id = #{role_id,jdbcType=INTEGER},
      permission_id = #{permission_id,jdbcType=INTEGER}
    where role_permission_id = #{role_permission_id,jdbcType=INTEGER}
  </update>
  
  
  
  <delete id="deleteByRoleId" parameterType="java.lang.Integer" >
    delete from sys_role_permission
    where role_id = #{role_id,jdbcType=INTEGER}
  </delete>
</mapper>