<?xml version="1.0" encoding="UTF-8" ?>
<!DOCTYPE mapper PUBLIC "-//mybatis.org//DTD Mapper 3.0//EN" "http://mybatis.org/dtd/mybatis-3-mapper.dtd" >
<mapper namespace="com.hqyj.JWSystem.system.dao.RoomMapper">
	<resultMap id="BaseResultMap" type="com.hqyj.JWSystem.system.model.Room">
		<id column="id" property="id" jdbcType="INTEGER" />
		<result column="class_room" property="class_room" jdbcType="VARCHAR" />
		<result column="course_id" property="course_id" jdbcType="INTEGER" />
		<result column="state" property="state" jdbcType="VARCHAR" />
	</resultMap>
	<sql id="Base_Column_List">
		id, class_room, course_id, state
	</sql>
	<select id="selectByPrimaryKey" resultMap="BaseResultMap"
		parameterType="java.lang.Integer">
		select
		<include refid="Base_Column_List" />
		from sys_room
		where id = #{id,jdbcType=INTEGER}
	</select>
	<delete id="deleteByPrimaryKey" parameterType="java.lang.Integer">
		delete from
		sys_room
		where id = #{id,jdbcType=INTEGER}
	</delete>
	<insert id="insert" parameterType="com.hqyj.JWSystem.system.model.Room">
		insert into sys_room (id,
		class_room, course_id,
		state)
		values (#{id,jdbcType=INTEGER},
		#{class_room,jdbcType=VARCHAR},
		#{course_id,jdbcType=INTEGER},
		#{state,jdbcType=VARCHAR})
	</insert>
	<insert id="insertSelective" parameterType="com.hqyj.JWSystem.system.model.Room">
		insert into sys_room
		<trim prefix="(" suffix=")" suffixOverrides=",">
			<if test="id != null">
				id,
			</if>
			<if test="class_room != null">
				class_room,
			</if>
			<if test="course_id != null">
				course_id,
			</if>
			<if test="state != null">
				state,
			</if>
		</trim>
		<trim prefix="values (" suffix=")" suffixOverrides=",">
			<if test="id != null">
				#{id,jdbcType=INTEGER},
			</if>
			<if test="class_room != null">
				#{class_room,jdbcType=VARCHAR},
			</if>
			<if test="course_id != null">
				#{course_id,jdbcType=INTEGER},
			</if>
			<if test="state != null">
				#{state,jdbcType=VARCHAR},
			</if>
		</trim>
	</insert>
	<update id="updateByPrimaryKeySelective" parameterType="com.hqyj.JWSystem.system.model.Room">
		update sys_room
		<set>
			<if test="class_room != null">
				class_room = #{class_room,jdbcType=VARCHAR},
			</if>
			<if test="course_id != null">
				course_id = #{course_id,jdbcType=INTEGER},
			</if>
			<if test="state != null">
				state = #{state,jdbcType=VARCHAR},
			</if>
		</set>
		where id = #{id,jdbcType=INTEGER}
	</update>
	<update id="updateByPrimaryKey" parameterType="com.hqyj.JWSystem.system.model.Room">
		update sys_room
		set class_room = #{class_room,jdbcType=VARCHAR},
		course_id =
		#{course_id,jdbcType=INTEGER},
		state = #{state,jdbcType=VARCHAR}
		where
		id = #{id,jdbcType=INTEGER}
	</update>

	<!-- ================================================= -->
	<select id="queryAll" resultMap="BaseResultMap" parameterType="java.lang.Integer">
		select
		*
		from sys_room
	</select>
	<!-- 筛选 -->

	<select id="queryAllScreen" resultMap="BaseResultMap"
		parameterType="com.hqyj.JWSystem.system.model.Teacher">
		select * from sys_room
		<if test="class_room != null">
		 where class_room like '${class_room}%'
		</if>
	</select>
  <!-- *****************************************tf****************************************** -->
  
  <select id="queryAllByRoom" resultMap="BaseResultMap" >
    select 
    <include refid="Base_Column_List" />
    from sys_room
  </select>
  
   <select id="queryDepByRood_id" resultMap="BaseResultMap" parameterType="java.lang.String" >
    select 
    <include refid="Base_Column_List" />
    from sys_room
    where class_room = #{class_room,jdbcType=VARCHAR}
  </select>
  
   <!-- *****************************************tf****************************************** -->
  
</mapper>