<?xml version="1.0" encoding="UTF-8" ?>
<!DOCTYPE mapper PUBLIC "-//mybatis.org//DTD Mapper 3.0//EN" "http://mybatis.org/dtd/mybatis-3-mapper.dtd" >
<mapper namespace="com.hqyj.JWSystem.system.dao.StuCourseMapper" >

  <insert id="insert" parameterType="com.hqyj.JWSystem.system.model.StuCourse" >
    insert into sys_stu_course (student_id, course_id, teacher_id, 
      course_state, grades)
    values (#{student_id,jdbcType=INTEGER}, #{course_id,jdbcType=INTEGER}, #{teacher_id,jdbcType=INTEGER}, 
      #{course_state,jdbcType=VARCHAR}, #{grades,jdbcType=INTEGER})
  </insert>
  <insert id="insertSelective" parameterType="com.hqyj.JWSystem.system.model.StuCourse" >
    insert into sys_stu_course
    <trim prefix="(" suffix=")" suffixOverrides="," >
      <if test="student_id != null" >
        student_id,
      </if>
      <if test="course_id != null" >
        course_id,
      </if>
      <if test="teacher_id != null" >
        teacher_id,
      </if>
      <if test="course_state != null" >
        course_state,
      </if>
      <if test="grades != null" >
        grades,
      </if>
    </trim>
    <trim prefix="values (" suffix=")" suffixOverrides="," >
      <if test="student_id != null" >
        #{student_id,jdbcType=INTEGER},
      </if>
      <if test="course_id != null" >
        #{course_id,jdbcType=INTEGER},
      </if>
      <if test="teacher_id != null" >
        #{teacher_id,jdbcType=INTEGER},
      </if>
      <if test="course_state != null" >
        #{course_state,jdbcType=VARCHAR},
      </if>
      <if test="grades != null" >
        #{grades,jdbcType=INTEGER},
      </if>
    </trim>
  </insert>
  
  <select id="queryScoreByStu_id"
	resultType="com.hqyj.JWSystem.system.model.StuCourse"    >
	select * from sys_stu_course where student_id=#{student_id}
</select>
  <select id="queryAll"
	resultType="com.hqyj.JWSystem.system.model.StuCourse"    >
	select * from sys_stu_course
</select>

<select id="queryAllStu"
	resultType="com.hqyj.JWSystem.system.model.Student"    >
	select * from sys_student
</select>

	<select id="queryAllBytea_id"
		resultType="com.hqyj.JWSystem.system.model.StuCourse">
		select * from sys_stu_course where teacher_id=#{teacher_id}
	</select>

	<select id="queryCourse"
		resultType="com.hqyj.JWSystem.system.model.Course">
		select * from sys_course
	</select>
	<update id="commitScore">
		update sys_stu_course set grades=#{grades} where course_id=#{course_id}
		and student_id=#{student_id}
	</update>
	<update id="update">
		update sys_stu_course set grades=#{grades} where course_id=#{course_id}
		and student_id=#{student_id}
	</update>
</mapper>