<?xml version="1.0" encoding="UTF-8" ?>
<!DOCTYPE mapper PUBLIC "-//mybatis.org//DTD Mapper 3.0//EN" "http://mybatis.org/dtd/mybatis-3-mapper.dtd" >
<mapper namespace="com.hqyj.JWSystem.system.dao.StudentMapper" >
  <resultMap id="BaseResultMap" type="com.hqyj.JWSystem.system.model.Student" >
    <id column="student_id" property="student_id" jdbcType="INTEGER" />
    <result column="student_name" property="student_name" jdbcType="VARCHAR" />
    <result column="age" property="age" jdbcType="VARCHAR" />
    <result column="sex" property="sex" jdbcType="VARCHAR" />
    <result column="class_id" property="class_id" jdbcType="INTEGER" />
    <result column="major_id" property="major_id" jdbcType="INTEGER" />
    <result column="dep_id" property="dep_id" jdbcType="INTEGER" />
  </resultMap>
  <sql id="Base_Column_List" >
    student_id, student_name, age, sex, class_id, major_id, dep_id
  </sql>
  <select id="selectByPrimaryKey" resultMap="BaseResultMap" parameterType="java.lang.Integer" >
    select 
    <include refid="Base_Column_List" />
    from sys_student
    where student_id = #{student_id,jdbcType=INTEGER}
  </select>
  <delete id="deleteByPrimaryKey" parameterType="java.lang.Integer" >
    delete from sys_student
    where student_id = #{student_id,jdbcType=INTEGER}
  </delete>
  <insert id="insert" parameterType="com.hqyj.JWSystem.system.model.Student" >
    insert into sys_student (student_id, student_name, age, 
      sex, class_id, major_id, 
      dep_id)
    values (#{student_id,jdbcType=INTEGER}, #{student_name,jdbcType=VARCHAR}, #{age,jdbcType=VARCHAR}, 
      #{sex,jdbcType=VARCHAR}, #{class_id,jdbcType=INTEGER}, #{major_id,jdbcType=INTEGER}, 
      #{dep_id,jdbcType=INTEGER})
  </insert>
  <insert id="insertSelective" parameterType="com.hqyj.JWSystem.system.model.Student" >
    insert into sys_student
    <trim prefix="(" suffix=")" suffixOverrides="," >
      <if test="student_id != null" >
        student_id,
      </if>
      <if test="student_name != null" >
        student_name,
      </if>
      <if test="age != null" >
        age,
      </if>
      <if test="sex != null" >
        sex,
      </if>
      <if test="class_id != null" >
        class_id,
      </if>
      <if test="major_id != null" >
        major_id,
      </if>
      <if test="dep_id != null" >
        dep_id,
      </if>
    </trim>
    <trim prefix="values (" suffix=")" suffixOverrides="," >
      <if test="student_id != null" >
        #{student_id,jdbcType=INTEGER},
      </if>
      <if test="student_name != null" >
        #{student_name,jdbcType=VARCHAR},
      </if>
      <if test="age != null" >
        #{age,jdbcType=VARCHAR},
      </if>
      <if test="sex != null" >
        #{sex,jdbcType=VARCHAR},
      </if>
      <if test="class_id != null" >
        #{class_id,jdbcType=INTEGER},
      </if>
      <if test="major_id != null" >
        #{major_id,jdbcType=INTEGER},
      </if>
      <if test="dep_id != null" >
        #{dep_id,jdbcType=INTEGER},
      </if>
    </trim>
  </insert>
  <update id="updateByPrimaryKeySelective" parameterType="com.hqyj.JWSystem.system.model.Student" >
    update sys_student
    <set >
      <if test="student_name != null" >
        student_name = #{student_name,jdbcType=VARCHAR},
      </if>
      <if test="age != null" >
        age = #{age,jdbcType=VARCHAR},
      </if>
      <if test="sex != null" >
        sex = #{sex,jdbcType=VARCHAR},
      </if>
      <if test="class_id != null" >
        class_id = #{class_id,jdbcType=INTEGER},
      </if>
      <if test="major_id != null" >
        major_id = #{major_id,jdbcType=INTEGER},
      </if>
      <if test="dep_id != null" >
        dep_id = #{dep_id,jdbcType=INTEGER},
      </if>
    </set>
    where student_id = #{student_id,jdbcType=INTEGER}
  </update>
  <update id="updateByPrimaryKey" parameterType="com.hqyj.JWSystem.system.model.Student" >
    update sys_student
    set student_name = #{student_name,jdbcType=VARCHAR},
      age = #{age,jdbcType=VARCHAR},
      sex = #{sex,jdbcType=VARCHAR},
      class_id = #{class_id,jdbcType=INTEGER},
      major_id = #{major_id,jdbcType=INTEGER},
      dep_id = #{dep_id,jdbcType=INTEGER}
    where student_id = #{student_id,jdbcType=INTEGER}
  </update>
  <!-- ****************************************tf**************************************************** -->
  <select id="queryStudentNumberByStudent_id" resultMap="BaseResultMap" parameterType="java.lang.Integer" >
    select 
    <include refid="Base_Column_List" />
    from sys_student
    where student_id = #{student_id,jdbcType=INTEGER}
  </select>
  

  <select id="queryAllByStudent" resultMap="BaseResultMap"  >
    select 
    <include refid="Base_Column_List" />
    from sys_student
  </select>
  
  
  <select id="queryStudentByStudent" resultMap="BaseResultMap"  parameterType="com.hqyj.JWSystem.system.model.Student" >
    select 
    <include refid="Base_Column_List" />
    from sys_student
    where 1=1
    <if test="student_id != null" >
      and  student_id = #{student_id,jdbcType=INTEGER}
      </if>
    <if test="student_name != null" >
      and  student_name = #{student_name,jdbcType=VARCHAR}
      </if>
      <if test="age != null" >
       and   age = #{age,jdbcType=VARCHAR}
      </if>
      <if test="sex != null" >
       and   sex = #{sex,jdbcType=VARCHAR}
      </if>
      <if test="class_id != null" >
       and   class_id = #{class_id,jdbcType=INTEGER}
      </if>
      <if test="major_id != null" >
       and   major_id = #{major_id,jdbcType=INTEGER}
      </if>
      <if test="dep_id != null" >
       and   dep_id = #{dep_id,jdbcType=INTEGER}
      </if>
  </select>
  
  
  <select id="queryByName" resultMap="BaseResultMap" parameterType="java.lang.String" >
    select 
    <include refid="Base_Column_List" />
    from sys_student
    where student_name = #{username,jdbcType=INTEGER}
  </select>
  

  
   <!-- ****************************************tf**************************************************** -->
  
</mapper>