<?xml version="1.0" encoding="UTF-8" ?>
<!DOCTYPE mapper PUBLIC "-//mybatis.org//DTD Mapper 3.0//EN" "http://mybatis.org/dtd/mybatis-3-mapper.dtd" >
<mapper namespace="com.hqyj.JWSystem.system.dao.TeacherMapper" >
  <resultMap id="BaseResultMap" type="com.hqyj.JWSystem.system.model.Teacher" >
    <id column="teacher_id" property="teacher_id" jdbcType="INTEGER" />
    <result column="teacher_name" property="teacher_name" jdbcType="VARCHAR" />
    <result column="age" property="age" jdbcType="INTEGER" />
    <result column="sex" property="sex" jdbcType="VARCHAR" />
    <result column="title" property="title" jdbcType="VARCHAR" />
  </resultMap>
  <sql id="Base_Column_List" >
    teacher_id, teacher_name, age, sex, title
  </sql>
  <select id="selectByPrimaryKey" resultMap="BaseResultMap" parameterType="java.lang.Integer" >
    select 
    <include refid="Base_Column_List" />
    from sys_teacher
    where teacher_id = #{teacher_id,jdbcType=INTEGER}
  </select>
  <delete id="deleteByPrimaryKey" parameterType="java.lang.Integer" >
    delete from sys_teacher
    where teacher_id = #{teacher_id,jdbcType=INTEGER}
  </delete>
  <insert id="insert" parameterType="com.hqyj.JWSystem.system.model.Teacher" >
    insert into sys_teacher (teacher_id, teacher_name, age, 
      sex, title)
    values (#{teacher_id,jdbcType=INTEGER}, #{teacher_name,jdbcType=VARCHAR}, #{age,jdbcType=INTEGER}, 
      #{sex,jdbcType=VARCHAR}, #{title,jdbcType=VARCHAR})
  </insert>
  <insert id="insertSelective" parameterType="com.hqyj.JWSystem.system.model.Teacher" >
    insert into sys_teacher
    <trim prefix="(" suffix=")" suffixOverrides="," >
      <if test="teacher_id != null" >
        teacher_id,
      </if>
      <if test="teacher_name != null" >
        teacher_name,
      </if>
      <if test="age != null" >
        age,
      </if>
      <if test="sex != null" >
        sex,
      </if>
      <if test="title != null" >
        title,
      </if>
    </trim>
    <trim prefix="values (" suffix=")" suffixOverrides="," >
      <if test="teacher_id != null" >
        #{teacher_id,jdbcType=INTEGER},
      </if>
      <if test="teacher_name != null" >
        #{teacher_name,jdbcType=VARCHAR},
      </if>
      <if test="age != null" >
        #{age,jdbcType=INTEGER},
      </if>
      <if test="sex != null" >
        #{sex,jdbcType=VARCHAR},
      </if>
      <if test="title != null" >
        #{title,jdbcType=VARCHAR},
      </if>
    </trim>
  </insert>
  <update id="updateByPrimaryKeySelective" parameterType="com.hqyj.JWSystem.system.model.Teacher" >
    update sys_teacher
    <set >
      <if test="teacher_name != null" >
        teacher_name = #{teacher_name,jdbcType=VARCHAR},
      </if>
      <if test="age != null" >
        age = #{age,jdbcType=INTEGER},
      </if>
      <if test="sex != null" >
        sex = #{sex,jdbcType=VARCHAR},
      </if>
      <if test="title != null" >
        title = #{title,jdbcType=VARCHAR},
      </if>
    </set>
    where teacher_id = #{teacher_id,jdbcType=INTEGER}
  </update>
  <update id="updateByPrimaryKey" parameterType="com.hqyj.JWSystem.system.model.Teacher" >
    update sys_teacher
    set teacher_name = #{teacher_name,jdbcType=VARCHAR},
      age = #{age,jdbcType=INTEGER},
      sex = #{sex,jdbcType=VARCHAR},
      title = #{title,jdbcType=VARCHAR}
    where teacher_id = #{teacher_id,jdbcType=INTEGER}
  </update>
  
   <!-- ####################################################################################### -->
  <select id="queryTeacherListByTeacher" resultMap="BaseResultMap" parameterType="com.hqyj.JWSystem.system.model.Teacher" >
    select 
    <include refid="Base_Column_List" />
    from sys_teacher
    where 1=1  
     <if test="teacher_id != null" >
     	<if test="teacher_id >0">
       		and teacher_id = #{teacher_id,jdbcType=INTEGER}
        </if>
      </if>
    <if test="teacher_name != null" >
        and teacher_name = #{teacher_name,jdbcType=VARCHAR}
      </if>
      <if test="age != null" >
        and age = #{age,jdbcType=INTEGER}
      </if>
      <if test="sex != null" >
        and sex = #{sex,jdbcType=VARCHAR}
      </if>
      <if test="title != null" >
        and title = #{title,jdbcType=VARCHAR}
      </if>
  </select>
  
  <insert id="insertTeacherByTeacher" parameterType="com.hqyj.JWSystem.system.model.Teacher" >
    insert into sys_teacher
    <trim prefix="(" suffix=")" suffixOverrides="," >
      <if test="teacher_id != null" >
        <if test="teacher_id >0" >
       	 teacher_id,
      	</if>
      </if>
      <if test="teacher_name != null" >
        teacher_name,
      </if>
      <if test="age != null" >
        age,
      </if>
      <if test="sex != null" >
        sex,
      </if>
      <if test="title != null" >
        title,
      </if>
    </trim>
    <trim prefix="values (" suffix=")" suffixOverrides="," >
      <if test="teacher_id != null" >
      	 <if test="teacher_id >0" >
       	 #{teacher_id,jdbcType=INTEGER},
      	</if>
      </if>
      <if test="teacher_name != null" >
        #{teacher_name,jdbcType=VARCHAR},
      </if>
      <if test="age != null" >
        #{age,jdbcType=INTEGER},
      </if>
      <if test="sex != null" >
        #{sex,jdbcType=VARCHAR},
      </if>
      <if test="title != null" >
        #{title,jdbcType=VARCHAR},
      </if>
    </trim>
  </insert>
  
</mapper>