<?xml version="1.0" encoding="UTF-8" ?>
<!DOCTYPE mapper PUBLIC "-//mybatis.org//DTD Mapper 3.0//EN" "http://mybatis.org/dtd/mybatis-3-mapper.dtd" >
<mapper namespace="com.hqyj.JWSystem.system.dao.UserRoleMapper" >
  <resultMap id="BaseResultMap" type="com.hqyj.JWSystem.system.model.UserRole" >
    <id column="user_role_id" property="user_role_id" jdbcType="INTEGER" />
    <result column="user_id" property="user_id" jdbcType="INTEGER" />
    <result column="role_id" property="role_id" jdbcType="INTEGER" />
  </resultMap>
  <sql id="Base_Column_List" >
    user_role_id, user_id, role_id
  </sql>
  <select id="selectByPrimaryKey" resultMap="BaseResultMap" parameterType="java.lang.Integer" >
    select 
    <include refid="Base_Column_List" />
    from sys_user_role
    where user_role_id = #{user_role_id,jdbcType=INTEGER}
  </select>
  <delete id="deleteByPrimaryKey" parameterType="java.lang.Integer" >
    delete from sys_user_role
    where user_role_id = #{user_role_id,jdbcType=INTEGER}
  </delete>
  <insert id="insert" parameterType="com.hqyj.JWSystem.system.model.UserRole" >
    insert into sys_user_role (user_role_id, user_id, role_id
      )
    values (#{user_role_id,jdbcType=INTEGER}, #{user_id,jdbcType=INTEGER}, #{role_id,jdbcType=INTEGER}
      )
  </insert>
  <insert id="insertSelective" parameterType="com.hqyj.JWSystem.system.model.UserRole" >
    insert into sys_user_role
    <trim prefix="(" suffix=")" suffixOverrides="," >
      <if test="user_role_id != null" >
        user_role_id,
      </if>
      <if test="user_id != null" >
        user_id,
      </if>
      <if test="role_id != null" >
        role_id,
      </if>
    </trim>
    <trim prefix="values (" suffix=")" suffixOverrides="," >
      <if test="user_role_id != null" >
        #{user_role_id,jdbcType=INTEGER},
      </if>
      <if test="user_id != null" >
        #{user_id,jdbcType=INTEGER},
      </if>
      <if test="role_id != null" >
        #{role_id,jdbcType=INTEGER},
      </if>
    </trim>
  </insert>
  <update id="updateByPrimaryKeySelective" parameterType="com.hqyj.JWSystem.system.model.UserRole" >
    update sys_user_role
    <set >
      <if test="user_id != null" >
        user_id = #{user_id,jdbcType=INTEGER},
      </if>
      <if test="role_id != null" >
        role_id = #{role_id,jdbcType=INTEGER},
      </if>
    </set>
    where user_role_id = #{user_role_id,jdbcType=INTEGER}
  </update>
  <update id="updateByPrimaryKey" parameterType="com.hqyj.JWSystem.system.model.UserRole" >
    update sys_user_role
    set user_id = #{user_id,jdbcType=INTEGER},
      role_id = #{role_id,jdbcType=INTEGER}
    where user_role_id = #{user_role_id,jdbcType=INTEGER}
  </update>
  
    <resultMap id="Result" type="com.hqyj.JWSystem.system.model.Role" >
    <id column="role_id" property="role_id" jdbcType="INTEGER" />
    <result column="role_name" property="role_name" jdbcType="VARCHAR" />
    <result column="role_desc" property="role_desc" jdbcType="VARCHAR" />
    <result column="role_state" property="role_state" jdbcType="VARCHAR" />
    <result column="create_time" property="create_time" jdbcType="TIMESTAMP" />
  </resultMap>
  
  <select id="queryroleXZByUserId" resultMap="Result" parameterType="java.lang.Integer" >
	SELECT
	*
	FROM
	sys_role
	WHERE
	role_id = (
	SELECT
	role_id
	FROM
	sys_user_role
	where user_id = #{user_id,jdbcType=INTEGER} limit 1
	) 
  </select>
  
  <delete id="deleteByUserId" parameterType="java.lang.Integer" >
    delete from sys_user_role
    where user_id = #{user_id,jdbcType=INTEGER}
  </delete>
  
</mapper>