<?xml version="1.0" encoding="UTF-8" ?>
<!DOCTYPE mapper PUBLIC "-//mybatis.org//DTD Mapper 3.0//EN" "http://mybatis.org/dtd/mybatis-3-mapper.dtd" >
<mapper namespace="com.hqyj.JWSystem.system.dao.UserMapper" >
  <resultMap id="BaseResultMap" type="com.hqyj.JWSystem.system.model.User" >
    <id column="user_id" property="user_id" jdbcType="INTEGER" />
    <result column="username" property="username" jdbcType="VARCHAR" />
    <result column="password" property="password" jdbcType="VARCHAR" />
  </resultMap>
  <sql id="Base_Column_List" >
    user_id, username, password
  </sql>
  <select id="selectByPrimaryKey" resultMap="BaseResultMap" parameterType="java.lang.Integer" >
    select 
    <include refid="Base_Column_List" />
    from sys_user
    where user_id = #{user_id,jdbcType=INTEGER}
  </select>
  <delete id="deleteByPrimaryKey" parameterType="java.lang.Integer" >
    delete from sys_user
    where user_id = #{user_id,jdbcType=INTEGER}
  </delete>
  <insert id="insert" parameterType="com.hqyj.JWSystem.system.model.User" >
    insert into sys_user (user_id, username, password
      )
    values (#{user_id,jdbcType=INTEGER}, #{username,jdbcType=VARCHAR}, #{password,jdbcType=VARCHAR}
      )
  </insert>
  <insert id="insertSelective" parameterType="com.hqyj.JWSystem.system.model.User" >
    insert into sys_user
    <trim prefix="(" suffix=")" suffixOverrides="," >
      <if test="user_id != null" >
        user_id,
      </if>
      <if test="username != null" >
        username,
      </if>
      <if test="password != null" >
        password,
      </if>
    </trim>
    <trim prefix="values (" suffix=")" suffixOverrides="," >
      <if test="user_id != null" >
        #{user_id,jdbcType=INTEGER},
      </if>
      <if test="username != null" >
        #{username,jdbcType=VARCHAR},
      </if>
      <if test="password != null" >
        #{password,jdbcType=VARCHAR},
      </if>
    </trim>
  </insert>
  <update id="updateByPrimaryKeySelective" parameterType="com.hqyj.JWSystem.system.model.User" >
    update sys_user
    <set >
      <if test="username != null" >
        username = #{username,jdbcType=VARCHAR},
      </if>
      <if test="password != null" >
        password = #{password,jdbcType=VARCHAR},
      </if>
    </set>
    where user_id = #{user_id,jdbcType=INTEGER}
  </update>
  <update id="updateByPrimaryKey" parameterType="com.hqyj.JWSystem.system.model.User" >
    update sys_user
    set username = #{username,jdbcType=VARCHAR},
      password = #{password,jdbcType=VARCHAR}
    where user_id = #{user_id,jdbcType=INTEGER}
  </update>
  
  
   <select id="queryUserByUserName" resultMap="BaseResultMap" parameterType="java.lang.String" >
    select 
    <include refid="Base_Column_List" />
    from sys_user
    where username = #{username,jdbcType=VARCHAR}
  </select>
  
  
   <select id="queryall" resultMap="BaseResultMap"  >
    select 
    <include refid="Base_Column_List" />
    from sys_user
  </select>
  
  <select id="queryByUserid" resultMap="BaseResultMap" parameterType="java.lang.Integer" >
    select 
    <include refid="Base_Column_List" />
    from sys_user
    where user_id = #{user_id,jdbcType=INTEGER}
  </select>
  
  
  
  
   <resultMap id="BaseResultMap1" type="com.hqyj.JWSystem.system.model.Role" >
    <id column="role_id" property="role_id" jdbcType="INTEGER" />
    <result column="role_name" property="role_name" jdbcType="VARCHAR" />
    <result column="role_desc" property="role_desc" jdbcType="VARCHAR" />
    <result column="role_state" property="role_state" jdbcType="VARCHAR" />
    <result column="create_time" property="create_time" jdbcType="TIMESTAMP" />
  </resultMap>
  <select id="queryRoleNameByUserid" resultMap="BaseResultMap1" parameterType="java.lang.Integer" >
	SELECT
	*
	FROM
	sys_role
	WHERE
	role_id = (
	SELECT
	role_id
	FROM
	sys_user_role
	WHERE
	user_id = #{user_id,jdbcType=INTEGER}
	)
  </select>
  
  <select id="queryUserTotalRecord" resultType="Int" >
    SELECT count(*) FROM  sys_user
  </select>
  
  <select id="queryCurrentPageDataList" resultMap="BaseResultMap"  parameterType="java.lang.Integer" >
    SELECT * FROM  sys_user LIMIT  #{i,jdbcType=INTEGER},#{ps,jdbcType=INTEGER}
  </select>
  
</mapper>