<?xml version="1.0" encoding="UTF-8"?>
<beans xmlns="http://www.springframework.org/schema/beans" xmlns:xsi="http://www.w3.org/2001/XMLSchema-instance"
	xmlns:context="http://www.springframework.org/schema/context" xsi:schemaLocation="
		http://www.springframework.org/schema/beans http://www.springframework.org/schema/beans/spring-beans-4.0.xsd
		http://www.springframework.org/schema/context  http://www.springframework.org/schema/context/spring-context-4.0.xsd"
	default-lazy-init="true">
    <!-- 继承自AuthorizingRealm的自定义Realm,即指定Shiro验证用户登录的类为自定义的ShiroDbRealm.java  
    <bean id="myRealm" class="com.shiro.realm.MyRealm"/>  --> 
  	<bean id="myRealm" class="com.shiro.realm.MyRealm">
    	<property name="credentialsMatcher">
    		<bean class="org.apache.shiro.authc.credential.HashedCredentialsMatcher">
    			<property name="hashAlgorithmName" value="MD5"></property>
    			<property name="hashIterations" value="1024"></property>
    		</bean>
    	</property>
    </bean>
    <!-- 定义缓存管理器 --> 
   <bean id="cacheManager" class="org.apache.shiro.cache.MemoryConstrainedCacheManager" /> 

   <bean id="sessionManager" class="org.apache.shiro.web.session.mgt.DefaultWebSessionManager">
       <!-- session的失效时长，单位毫秒 -->
     <property name="globalSessionTimeout" value="6000000"/>
      <!-- 删除失效的session -->
     <property name="deleteInvalidSessions" value="true"/>
   </bean>

    <!-- Shiro默认会使用Servlet容器的Session,可通过sessionMode属性来指定使用Shiro原生Session -->  
    <!-- 即<property name="sessionMode" value="native"/>,详细说明见官方文档 -->  
    <!-- 这里主要是设置自定义的单Realm应用,若有多个Realm,可使用'realms'属性代替 -->  
    <bean id="securityManager" class="org.apache.shiro.web.mgt.DefaultWebSecurityManager">  
        <property name="realm" ref="myRealm"/>
        <!-- 使用配置的缓存管理器 --> 
     <property name="cacheManager" ref="cacheManager"></property> 
     <!-- 会话管理 -->
     <property name="sessionManager" ref="sessionManager" />
     
     
  </bean>  
  <!-- 登陆踢人 -->
  <bean id="kickoutSessionControlFilter" class="com.shiro.filter.KickoutSessionControlFilter">  
        <property name="cacheManager" ref="cacheManager"/>  
        <property name="sessionManager" ref="sessionManager"/> 
        <!-- 是否踢出后来登录的，默认是false；即后者登录的用户踢出前者登录的用户 --> 
        <property name="kickoutAfter" value="false"/>  
        <!-- 同一个用户最大的会话数，默认1；比如2的意思是同一个用户允许最多同时两个人登录 -->
        <property name="maxSession" value="1"/>  
        <property name="kickoutUrl" value="/userController/kickOut.do"/>  
    </bean>
    <!-- Shiro主过滤器本身功能十分强大,其强大之处就在于它支持任何基于URL路径表达式的、自定义的过滤器的执行 -->  
    <!-- Web应用中,Shiro可控制的Web请求必须经过Shiro主过滤器的拦截,Shiro对基于Spring的Web应用提供了完美的支持 -->  
    <bean id="shiroFilter" class="org.apache.shiro.spring.web.ShiroFilterFactoryBean">  
        <!-- Shiro的核心安全接口,这个属性是必须的 -->  
        <property name="securityManager" ref="securityManager"/>  
        <!-- 要求登录时的链接(可根据项目的URL进行替换),非必须的属性,默认会自动寻找Web工程根目录下的"/login.jsp"页面 -->  
        <property name="loginUrl" value="/"/>  
        <property name="filters">
            <map>
                <entry key="kickout" value-ref="kickoutSessionControlFilter"/>
            </map>
        </property>
        <!-- 登录成功后要跳转的连接(本例中此属性用不到,因为登录成功后的处理逻辑在LoginController里硬编码为main.jsp了) -->  
        
        <!-- 用户访问未对其授权的资源时,所显示的连接 -->  
        <!-- 若想更明显的测试此属性可以修改它的值,如unauthor.jsp,然后用[玄玉]登录后访问/admin/listUser.jsp就看见浏览器会显示unauthor.jsp -->  
        <property name="unauthorizedUrl" value="/"/>  
        <!-- Shiro连接约束配置,即过滤链的定义 -->  
        <!-- 此处可配合这篇文章来理解各个过滤连的作用http://blog.csdn.net/jadyer/article/details/12172839 -->  
        <!-- 下面value值的第一个'/'代表的路径是相对于HttpServletRequest.getContextPath()的值来的 -->  
        <!-- anon：它对应的过滤器里面是空的,什么都没做,这里.do和.jsp后面的*表示参数,比方说login.jsp?main这种 -->  
        <!-- authc：该过滤器下的页面必须验证后才能访问,它是Shiro内置的一个拦截器org.apache.shiro.web.filter.authc.FormAuthenticationFilter -->  
        <property name="filterChainDefinitions">  
            <value>  
                /userController/login.ajax=anon  
                /logout*=logout
                /userController/rememberUser.ajax=anon
                /userController/outLogin.ajax=anon
                /userController/kickOut.do=kickout
        		/resources/**=anon
        		/lib/**=anon
        		/js/**=anon
        		/images/**=anon
        		/css/**=anon
        		/fonts/**=anon
                /**=kickout,authc  
            </value>  
        </property>  
    </bean>  
  
    <!-- 保证实现了Shiro内部lifecycle函数的bean执行 -->  
    <bean id="lifecycleBeanPostProcessor" class="org.apache.shiro.spring.LifecycleBeanPostProcessor"/>  
  
    
     
</beans>  
