<?xml version="1.0" encoding="UTF-8"?>
<beans xmlns="http://www.springframework.org/schema/beans"
	xmlns:xsi="http://www.w3.org/2001/XMLSchema-instance" xmlns:context="http://www.springframework.org/schema/context"
	xmlns:p="http://www.springframework.org/schema/p" xmlns:mvc="http://www.springframework.org/schema/mvc"
	xmlns:aop="http://www.springframework.org/schema/aop" xmlns:tx="http://www.springframework.org/schema/tx"
	xsi:schemaLocation="http://www.springframework.org/schema/beans
        http://www.springframework.org/schema/beans/spring-beans.xsd
        http://www.springframework.org/schema/context
        http://www.springframework.org/schema/context/spring-context.xsd
        http://www.springframework.org/schema/mvc
        http://www.springframework.org/schema/mvc/spring-mvc.xsd
        http://www.springframework.org/schema/aop
	    http://www.springframework.org/schema/aop/spring-aop.xsd
	    http://www.springframework.org/schema/tx
	    http://www.springframework.org/schema/tx/spring-tx.xsd
        ">

	<!-- 配置控制器和服务层的自动包扫描 -->
	<context:component-scan base-package="com.company.item.controller"></context:component-scan>
	<context:component-scan base-package="com.company.item.service.impl"></context:component-scan>
	<!-- end 自动包扫描 -->

	<!-- spring mybatis 整合配置 -->
	<bean id="dataSource"
		class="org.springframework.jdbc.datasource.DriverManagerDataSource">
		<property name="driverClassName" value="com.mysql.jdbc.Driver" />
		<property name="url"
			value="jdbc:mysql://localhost:3306/amsystem?useUnicode=true&amp;characterEncoding=UTF-8&amp;useSSL=true" />
		<property name="username" value="root" />
		<property name="password" value="112476" />
	</bean>

	<bean id="sqlSessionFactory" class="org.mybatis.spring.SqlSessionFactoryBean">
		<property name="dataSource" ref="dataSource" />
		<property name="configLocation" value="classpath:mybatis.xml"></property>
		<property name="mapperLocations" value="classpath:com/company/item/mapper/xml/*.xml" />
	</bean>

	<bean class="org.mybatis.spring.mapper.MapperScannerConfigurer">
		<property name="basePackage" value="com.company.item.mapper" />
		<property name="sqlSessionFactoryBeanName" value="sqlSessionFactory" />
	</bean>

	<!-- mvc 注解驱动配置 -->
	<mvc:annotation-driven></mvc:annotation-driven>
	<!-- spring MVC 相关配置 -->
	<mvc:default-servlet-handler />

	<bean
		class="org.springframework.web.servlet.view.InternalResourceViewResolver"
		p:prefix="/" p:suffix=".jsp" />

	<!-- 对于切面的注解驱动 -->
	<aop:aspectj-autoproxy></aop:aspectj-autoproxy>
	<!-- end 切面 -->

	<!-- 关于Mybatis-spring 的事务管理 -->
	<bean id="dstm"
		class="org.springframework.jdbc.datasource.DataSourceTransactionManager">
		<property name="dataSource" ref="dataSource"></property>
	</bean>
	<tx:annotation-driven transaction-manager="dstm" />
	<!-- end 事务管理 -->

	<!-- 由于本例中并未使用Shiro注解,故注释掉这两个bean(个人觉得将权限通过注解的方式硬编码在程序中,查看起来不是很方便,没必要使用) -->  
     
   <aop:config proxy-target-class="true"></aop:config>  
<bean class="org.apache.shiro.spring.security.interceptor.AuthorizationAttributeSourceAdvisor" >  
     <property name="securityManager" ref="securityManager"/> 
</bean> 
</beans>