<?xml version="1.0" encoding="UTF-8"?>
<beans xmlns="http://www.springframework.org/schema/beans"
	xmlns:xsi="http://www.w3.org/2001/XMLSchema-instance" xmlns:p="http://www.springframework.org/schema/p"
	xmlns:context="http://www.springframework.org/schema/context"
	xmlns:mvc="http://www.springframework.org/schema/mvc"
	xsi:schemaLocation="http://www.springframework.org/schema/beans http://www.springframework.org/schema/beans/spring-beans.xsd
        http://www.springframework.org/schema/mvc http://www.springframework.org/schema/mvc/spring-mvc-4.0.xsd
        http://www.springframework.org/schema/context http://www.springframework.org/schema/context/spring-context.xsd">



	<context:component-scan base-package="com.hqyj.JWSystem.*.service"></context:component-scan>

	<!-- 1、web.xml中shiro的filter对应的bean :Shiro 的Web过滤器 -->
	<bean id="shiroFilter" class="org.apache.shiro.spring.web.ShiroFilterFactoryBean">
		<!-- 安全管理器 -->
		<property name="securityManager" ref="securityManager" />
		<!-- loginUrl认证提交地址，如果没有认证将会请求此地址进行认证，请求此地址将由formAuthenticationFilter进行表单认证 -->
		<property name="loginUrl" value="/login.do" />
		<!-- 成功登录跳转页面 -->
		<property name="successUrl" value="/main.do" />
		<!-- 通过unauthorizedUrl指定没有权限操作时跳转页面 -->
		<property name="unauthorizedUrl" value="/refuse.jsp" />
		<!-- 过虑器链定义，从上向下顺序执行，一般将/**放在最下边 -->
		<property name="filterChainDefinitions">
			<value>
				<!--请求 logout.do地址，shiro清除session -->
				/logout.do = logout
				<!-- 所有的URL都必须认证通过才可以访问 -->
				/css/** = anon
				/images/** = anon
				/js/** = anon
				/editor/** = anon
				/src/** = anon
				/** = authc
				<!-- 所有的URL都可以匿名访问 -->
				<!-- /** = anon -->
				/User/** = authc
				

			</value>
		</property>
	</bean>

	<!-- 2、securityManager安全管理器 -->
	<bean id="securityManager" class="org.apache.shiro.web.mgt.DefaultWebSecurityManager">
		<property name="realm" ref="customRealm" />
	</bean>

	<!-- 3、realm -->
	<bean id="customRealm" class="com.hqyj.JWSystem.shiro.Realm.CustomRealm">
		<!-- 将凭证匹配器设置到realm中，realm按照凭证匹配器的要求进行散列 -->
		<property name="credentialsMatcher" ref="credentialsMatcher" />
	</bean>
	<!-- 4、凭证匹配器 -->
	<bean id="credentialsMatcher" class="org.apache.shiro.authc.credential.HashedCredentialsMatcher">
		<property name="hashAlgorithmName" value="md5" />
		<property name="hashIterations" value="2" />
	</bean>
	
	<!-- 6、Session会话管理器 -->
	<bean id="sessionManager" class="org.apache.shiro.web.session.mgt.DefaultWebSessionManager">
		<!-- session的失效时长，单位毫秒 -->
		<property name="globalSessionTimeout" value="600000" />
		<!-- 删除失效的session -->
		<property name="deleteInvalidSessions" value="true" />
	</bean>

	
</beans>