<?xml version="1.0" encoding="UTF-8"?>
<beans xmlns="http://www.springframework.org/schema/beans"
	xmlns:xsi="http://www.w3.org/2001/XMLSchema-instance" xmlns:p="http://www.springframework.org/schema/p"
	xmlns:context="http://www.springframework.org/schema/context"
	xmlns:mvc="http://www.springframework.org/schema/mvc"
	xsi:schemaLocation="http://www.springframework.org/schema/beans http://www.springframework.org/schema/beans/spring-beans.xsd
        http://www.springframework.org/schema/mvc http://www.springframework.org/schema/mvc/spring-mvc-4.0.xsd
        http://www.springframework.org/schema/context http://www.springframework.org/schema/context/spring-context.xsd">

	<!-- 定义Mybatis的SqlSessionFactory -->
	<bean id="sqlSessionFactory" class="org.mybatis.spring.SqlSessionFactoryBean">
		<!-- 定义数据源 -->
		<property name="dataSource" ref="dataSource" />
		<!-- 指定mybatis全局配置文件 -->
		<property name="configLocation" value="classpath:mybatis/mybatis-config.xml" />

		<property name="mapperLocations" value="classpath:com/hqyj/JWSystem/*/mapper/*.xml" />
		<!-- 别名扫描包 -->
		<property name="typeAliasesPackage" value="com.hqyj.JWSystem.*.model" />
	</bean>

	<!-- 配置自动生成接口的实现类 配置 转换器， 对于在basePackage设置的包（包括子包）下的接口类， 如果在Mapper.xml文件中定义过， 
		将被转换成spring的BEAN， 在调用 的地方通过@Autowired方式将可以注入接口实例 -->

	<bean class="org.mybatis.spring.mapper.MapperScannerConfigurer">
		<property name="sqlSessionFactory" ref="sqlSessionFactory" />
		<property name="basePackage" value="com.hqyj.JWSystem.*.dao" />
	</bean>

</beans>