<?xml version="1.0" encoding="UTF-8"?>
<beans xmlns="http://www.springframework.org/schema/beans" xmlns:xsi="http://www.w3.org/2001/XMLSchema-instance" xmlns:mvc="http://www.springframework.org/schema/mvc"
	xmlns:context="http://www.springframework.org/schema/context" xmlns:aop="http://www.springframework.org/schema/aop" xmlns:tx="http://www.springframework.org/schema/tx"
	xsi:schemaLocation="http://www.springframework.org/schema/beans 
		http://www.springframework.org/schema/beans/spring-beans-3.2.xsd 
		http://www.springframework.org/schema/mvc 
		http://www.springframework.org/schema/mvc/spring-mvc-3.2.xsd 
		http://www.springframework.org/schema/context 
		http://www.springframework.org/schema/context/spring-context-3.2.xsd 
		http://www.springframework.org/schema/aop 
		http://www.springframework.org/schema/aop/spring-aop-3.2.xsd 
		http://www.springframework.org/schema/tx 
		http://www.springframework.org/schema/tx/spring-tx-3.2.xsd ">
		

	<!-- spring mvc 扫描所有的controller 但是不扫描service -->
<context:component-scan base-package="com">
		<context:include-filter type="annotation" expression="org.springframework.stereotype.Controller" />
	</context:component-scan>
	<!-- ################################################### -->
	<!-- 开启aop对类代理 -->
	<aop:config proxy-target-class="true"></aop:config>
	<!-- 开启shiro注解支持 -->
	<bean class="org.apache.shiro.spring.security.interceptor.AuthorizationAttributeSourceAdvisor">
		<property name="securityManager" ref="securityManager"></property>
	</bean>
	

<!-- 4.配置视图解析器 -->
<!-- 配置视图解析器 要求将jstl的包加到classpath -->
<!-- ViewResolver -->
<bean class="org.springframework.web.servlet.view.InternalResourceViewResolver">
	<property name="prefix" value="/" />
	<property name="suffix" value=".jsp" />
</bean>
</beans>