<?xml version="1.0" encoding="UTF-8" ?>
<!DOCTYPE generatorConfiguration PUBLIC "-//mybatis.org//DTD MyBatis Generator Configuration 1.0//EN" "http://mybatis.org/dtd/mybatis-generator-config_1_0.dtd" >
<generatorConfiguration>
	<!-- 配置驱动 -->
	<classPathEntry location="D:\mysql-connector-java-5.1.7-bin.jar" />
	<context id="context1">
		<commentGenerator>
			<property value="true" name="suppressDate" />
			<!-- 是否去除自动生成的注释 true：是 ： false:否 -->
			<property value="true" name="suppressAllComments" />
		</commentGenerator>
		<jdbcConnection driverClass="com.mysql.jdbc.Driver"
			connectionURL="jdbc:mysql://localhost:3306/jwsystem?characterEncoding=UTF-8" userId="root"
			password="123456" />
		<javaModelGenerator targetPackage="com.hqyj.JWSystem.system.model"
			targetProject="JWSystem" />
		<sqlMapGenerator targetPackage="com.hqyj.JWSystem.system.mapper"
			targetProject="JWSystem" />
		<javaClientGenerator targetPackage="com.hqyj.JWSystem.system.dao"
			targetProject="JWSystem" type="XMLMAPPER" />
		<table tableName="sys_user" domainObjectName="User"
			enableCountByExample="false" enableUpdateByExample="false"
			enableDeleteByExample="false" enableSelectByExample="false"
			selectByExampleQueryId="false"><property name="useActualColumnNames" value="true" /></table>
		<table tableName="sys_role" domainObjectName="Role"
			enableCountByExample="false" enableUpdateByExample="false"
			enableDeleteByExample="false" enableSelectByExample="false"
			selectByExampleQueryId="false"><property name="useActualColumnNames" value="true" /></table>
		<table tableName="sys_user_role" domainObjectName="UserRole"
			enableCountByExample="false" enableUpdateByExample="false"
			enableDeleteByExample="false" enableSelectByExample="false"
			selectByExampleQueryId="false"><property name="useActualColumnNames" value="true" /></table>
		<table tableName="sys_permission" domainObjectName="Permission"
			enableCountByExample="false" enableUpdateByExample="false"
			enableDeleteByExample="false" enableSelectByExample="false"
			selectByExampleQueryId="false"><property name="useActualColumnNames" value="true" /></table>
		<table tableName="sys_role_permission" domainObjectName="RolePermission"
			enableCountByExample="false" enableUpdateByExample="false"
			enableDeleteByExample="false" enableSelectByExample="false"
			selectByExampleQueryId="false"><property name="useActualColumnNames" value="true" /></table>
		<table tableName="sys_class" domainObjectName="Class"
			enableCountByExample="false" enableUpdateByExample="false"
			enableDeleteByExample="false" enableSelectByExample="false"
			selectByExampleQueryId="false"><property name="useActualColumnNames" value="true" /></table>
		<table tableName="sys_classbegin" domainObjectName="Classbegin"
			enableCountByExample="false" enableUpdateByExample="false"
			enableDeleteByExample="false" enableSelectByExample="false"
			selectByExampleQueryId="false"><property name="useActualColumnNames" value="true" /></table>

		<table tableName="sys_course" domainObjectName="Course"
			enableCountByExample="false" enableUpdateByExample="false"
			enableDeleteByExample="false" enableSelectByExample="false"
			selectByExampleQueryId="false"><property name="useActualColumnNames" value="true" /></table>

		<table tableName="sys_course_teacher" domainObjectName="CourseTeacher"
			enableCountByExample="false" enableUpdateByExample="false"
			enableDeleteByExample="false" enableSelectByExample="false"
			selectByExampleQueryId="false"><property name="useActualColumnNames" value="true" /></table>

		<table tableName="sys_dep" domainObjectName="Dep"
			enableCountByExample="false" enableUpdateByExample="false"
			enableDeleteByExample="false" enableSelectByExample="false"
			selectByExampleQueryId="false"><property name="useActualColumnNames" value="true" /></table>

		<table tableName="sys_exam" domainObjectName="Exam"
			enableCountByExample="false" enableUpdateByExample="false"
			enableDeleteByExample="false" enableSelectByExample="false"
			selectByExampleQueryId="false"><property name="useActualColumnNames" value="true" /></table>

		<table tableName="sys_information" domainObjectName="Information"
			enableCountByExample="false" enableUpdateByExample="false"
			enableDeleteByExample="false" enableSelectByExample="false"
			selectByExampleQueryId="false"><property name="useActualColumnNames" value="true" /></table>

		<table tableName="sys_major" domainObjectName="Major"
			enableCountByExample="false" enableUpdateByExample="false"
			enableDeleteByExample="false" enableSelectByExample="false"
			selectByExampleQueryId="false"><property name="useActualColumnNames" value="true" /></table>

		<table tableName="sys_room" domainObjectName="Room"
			enableCountByExample="false" enableUpdateByExample="false"
			enableDeleteByExample="false" enableSelectByExample="false"
			selectByExampleQueryId="false"><property name="useActualColumnNames" value="true" /></table>

		<table tableName="sys_schoolroll" domainObjectName="Schoolroll"
			enableCountByExample="false" enableUpdateByExample="false"
			enableDeleteByExample="false" enableSelectByExample="false"
			selectByExampleQueryId="false"><property name="useActualColumnNames" value="true" /></table>

		<table tableName="sys_stu_course" domainObjectName="StuCourse"
			enableCountByExample="false" enableUpdateByExample="false"
			enableDeleteByExample="false" enableSelectByExample="false"
			selectByExampleQueryId="false"><property name="useActualColumnNames" value="true" /></table>
		<table tableName="sys_student" domainObjectName="Student"
			enableCountByExample="false" enableUpdateByExample="false"
			enableDeleteByExample="false" enableSelectByExample="false"
			selectByExampleQueryId="false"><property name="useActualColumnNames" value="true" /></table>
		<table tableName="sys_teacher" domainObjectName="Teacher"
			enableCountByExample="false" enableUpdateByExample="false"
			enableDeleteByExample="false" enableSelectByExample="false"
			selectByExampleQueryId="false"><property name="useActualColumnNames" value="true" /></table>
	</context>
</generatorConfiguration>