<?xml version="1.0" encoding="UTF-8"?>
<!DOCTYPE mapper PUBLIC "-//mybatis.org//DTD Mapper 3.0//EN" "http://mybatis.org/dtd/mybatis-3-mapper.dtd">
<mapper namespace="com.company.item.mapper.UserMapper">
  <resultMap id="BaseResultMap" type="com.company.item.model.User">
    <id column="user_id" jdbcType="VARCHAR" property="userId" />
    <result column="user_name" jdbcType="VARCHAR" property="userName" />
    <result column="user_sex" jdbcType="VARCHAR" property="userSex" />
    <result column="user_position" jdbcType="VARCHAR" property="userPosition" />
    <result column="user_telephone" jdbcType="VARCHAR" property="userTelephone" />
    <result column="user_email" jdbcType="VARCHAR" property="userEmail" />
    <result column="user_address" jdbcType="VARCHAR" property="userAddress" />
    <result column="user_entrytime" jdbcType="TIMESTAMP" property="userEntrytime" />
    <result column="user_diploma" jdbcType="VARCHAR" property="userDiploma" />
    <result column="user_departement" jdbcType="VARCHAR" property="userDepartement" />
    <result column="account_number" jdbcType="VARCHAR" property="accountNumber" />
    <result column="password" jdbcType="VARCHAR" property="password" />
    <result column="user_birthday" jdbcType="TIMESTAMP" property="userBirthday" />
  </resultMap>
  <resultMap id="ZtreeMap" type="com.company.item.pageModel.ZtreeModel">
    <id column="id" jdbcType="VARCHAR" property="id" />
    <result column="name" jdbcType="VARCHAR" property="name" />   
    <result column="pid" jdbcType="VARCHAR" property="pId" />
  </resultMap>
  <sql id="Base_Column_List">
    user_id, user_name, user_sex, user_position, user_telephone, user_email, user_address, 
    user_entrytime, user_diploma, user_departement, account_number, password, user_birthday
  </sql>
  <select id="selectByPrimaryKey" parameterType="java.lang.String" resultMap="BaseResultMap">
    select 
    <include refid="Base_Column_List" />
    from user
    where user_id = #{userId,jdbcType=VARCHAR}
  </select>
  <delete id="deleteByPrimaryKey" parameterType="java.lang.String">
    delete from user
    where user_id = #{userId,jdbcType=VARCHAR}
  </delete>
  <insert id="insert" parameterType="com.company.item.model.User">
    insert into user (user_id, user_name, user_sex, 
      user_position, user_telephone, user_email, 
      user_address, user_entrytime, user_diploma, 
      user_departement, account_number, password, 
      user_birthday)
    values (#{userId,jdbcType=VARCHAR}, #{userName,jdbcType=VARCHAR}, #{userSex,jdbcType=VARCHAR}, 
      #{userPosition,jdbcType=VARCHAR}, #{userTelephone,jdbcType=VARCHAR}, #{userEmail,jdbcType=VARCHAR}, 
      #{userAddress,jdbcType=VARCHAR}, #{userEntrytime,jdbcType=TIMESTAMP}, #{userDiploma,jdbcType=VARCHAR}, 
      #{userDepartement,jdbcType=VARCHAR}, #{accountNumber,jdbcType=VARCHAR}, #{password,jdbcType=VARCHAR}, 
      #{userBirthday,jdbcType=TIMESTAMP})
  </insert>
  <insert id="insertSelective" parameterType="com.company.item.model.User">
    insert into user
    <trim prefix="(" suffix=")" suffixOverrides=",">
      <if test="userId != null">
        user_id,
      </if>
      <if test="userName != null">
        user_name,
      </if>
      <if test="userSex != null">
        user_sex,
      </if>
      <if test="userPosition != null">
        user_position,
      </if>
      <if test="userTelephone != null">
        user_telephone,
      </if>
      <if test="userEmail != null">
        user_email,
      </if>
      <if test="userAddress != null">
        user_address,
      </if>
      <if test="userEntrytime != null">
        user_entrytime,
      </if>
      <if test="userDiploma != null">
        user_diploma,
      </if>
      <if test="userDepartement != null">
        user_departement,
      </if>
      <if test="accountNumber != null">
        account_number,
      </if>
      <if test="password != null">
        password,
      </if>
      <if test="userBirthday != null">
        user_birthday,
      </if>
    </trim>
    <trim prefix="values (" suffix=")" suffixOverrides=",">
      <if test="userId != null">
        #{userId,jdbcType=VARCHAR},
      </if>
      <if test="userName != null">
        #{userName,jdbcType=VARCHAR},
      </if>
      <if test="userSex != null">
        #{userSex,jdbcType=VARCHAR},
      </if>
      <if test="userPosition != null">
        #{userPosition,jdbcType=VARCHAR},
      </if>
      <if test="userTelephone != null">
        #{userTelephone,jdbcType=VARCHAR},
      </if>
      <if test="userEmail != null">
        #{userEmail,jdbcType=VARCHAR},
      </if>
      <if test="userAddress != null">
        #{userAddress,jdbcType=VARCHAR},
      </if>
      <if test="userEntrytime != null">
        #{userEntrytime,jdbcType=TIMESTAMP},
      </if>
      <if test="userDiploma != null">
        #{userDiploma,jdbcType=VARCHAR},
      </if>
      <if test="userDepartement != null">
        #{userDepartement,jdbcType=VARCHAR},
      </if>
      <if test="accountNumber != null">
        #{accountNumber,jdbcType=VARCHAR},
      </if>
      <if test="password != null">
        #{password,jdbcType=VARCHAR},
      </if>
      <if test="userBirthday != null">
        #{userBirthday,jdbcType=TIMESTAMP},
      </if>
    </trim>
  </insert>
  <update id="updateByPrimaryKeySelective" parameterType="com.company.item.model.User">
    update user
    <set>
      <if test="userName != null">
        user_name = #{userName,jdbcType=VARCHAR},
      </if>
      <if test="userSex != null">
        user_sex = #{userSex,jdbcType=VARCHAR},
      </if>
      <if test="userPosition != null">
        user_position = #{userPosition,jdbcType=VARCHAR},
      </if>
      <if test="userTelephone != null">
        user_telephone = #{userTelephone,jdbcType=VARCHAR},
      </if>
      <if test="userEmail != null">
        user_email = #{userEmail,jdbcType=VARCHAR},
      </if>
      <if test="userAddress != null">
        user_address = #{userAddress,jdbcType=VARCHAR},
      </if>
      <if test="userEntrytime != null">
        user_entrytime = #{userEntrytime,jdbcType=TIMESTAMP},
      </if>
      <if test="userDiploma != null">
        user_diploma = #{userDiploma,jdbcType=VARCHAR},
      </if>
      <if test="userDepartement != null">
        user_departement = #{userDepartement,jdbcType=VARCHAR},
      </if>
      <if test="accountNumber != null">
        account_number = #{accountNumber,jdbcType=VARCHAR},
      </if>
      <if test="password != null">
        password = #{password,jdbcType=VARCHAR},
      </if>
      <if test="userBirthday != null">
        user_birthday = #{userBirthday,jdbcType=TIMESTAMP},
      </if>
    </set>
    where user_id = #{userId,jdbcType=VARCHAR}
  </update>
  <update id="updateByPrimaryKey" parameterType="com.company.item.model.User">
    update user
    set user_name = #{userName,jdbcType=VARCHAR},
      user_sex = #{userSex,jdbcType=VARCHAR},
      user_position = #{userPosition,jdbcType=VARCHAR},
      user_telephone = #{userTelephone,jdbcType=VARCHAR},
      user_email = #{userEmail,jdbcType=VARCHAR},
      user_address = #{userAddress,jdbcType=VARCHAR},
      user_entrytime = #{userEntrytime,jdbcType=TIMESTAMP},
      user_diploma = #{userDiploma,jdbcType=VARCHAR},
      user_departement = #{userDepartement,jdbcType=VARCHAR},
      account_number = #{accountNumber,jdbcType=VARCHAR},
      password = #{password,jdbcType=VARCHAR},
      user_birthday = #{userBirthday,jdbcType=TIMESTAMP}
    where user_id = #{userId,jdbcType=VARCHAR}
  </update>
  <!-- by rpf -->
  <select id="quaryUserByAccount" parameterType="java.lang.String" resultMap="BaseResultMap">
    select 
    <include refid="Base_Column_List" />
    from user
    where account_number = #{account,jdbcType=VARCHAR}
  </select>
  <!--    权限分页的sql
  SELECT `user`.user_name,department_info.depart_name AS departement,`user`.user_position  FROM `user` 
JOIN department_info ON `user`.user_departement=department_info.depart_id 
WHERE department_info.depart_name='人力资源部' AND department_info.depart_id 
in (SELECT role_authr.role_id FROM role_authr JOIN authority ON role_authr.authr_id=authority.authority_id WHERE authority.authority_description='职工管理');
  
  
        -->
  <select id="queryByRole" parameterType="java.lang.String" resultMap="BaseResultMap">
  select 
  <if test="index==null">
  	COUNT(`user`.user_name) AS account_number,
  </if>
  `user`.user_name,department_info.depart_name AS user_departement,`user`.user_position
  ,`user`.user_entrytime,`user`.user_id
   
  from `user` JOIN department_info ON `user`.user_departement=department_info.depart_id 
  <where>
  <if test="depart!=null and depart!=''">
  AND department_info.depart_name=#{depart,jdbcType=VARCHAR}
  </if>
  <if test="authr!=null and authr!=''">
  AND department_info.depart_id 
in (SELECT role_authr.role_id FROM role_authr 
JOIN authority ON role_authr.authr_id=authority.authority_id 
WHERE authority.authority_description=#{authr,jdbcType=VARCHAR})
  </if> 
  <if test="userName!=null and userName!=''">
  AND `user`.user_name LIKE '%${userName}%' 
  </if>
  </where>
   <if test="index!=null">
  limit #{index,jdbcType=INTEGER},1
  </if>  
  
  </select>
  <!--user管理的 分页  
  	SELECT `user`.user_id,
COUNT(`user`.user_id) AS account_number,
`user`.user_name,
department_info.depart_name AS user_departement,
`user`.user_position,
`user`.user_entrytime,
`user`.user_birthday
 FROM `user` JOIN department_info 
ON `user`.user_departement=department_info.depart_id WHERE
 `user`.user_entrytime BETWEEN '2018-01-1' AND NOW() 
AND DATE_FORMAT(`user`.user_birthday,'%m%d') 
BETWEEN DATE_FORMAT(NOW(),'%m%d') AND DATE_FORMAT(DATE_ADD(NOW(),INTERVAL '10' DAY),'%m%d')
AND `user`.user_departement='depart1'
AND  `user`.user_name LIKE '%小%'
  -->
<select id="quaryUserByManager" parameterType="com.company.item.searchModel.UserSearch" resultMap="BaseResultMap">
SELECT `user`.user_id,
<if test="index==null">
COUNT(`user`.user_id) AS account_number
</if>
<if test="index!=null">
`user`.user_name,
department_info.depart_name AS user_departement,
`user`.user_position,
`user`.user_entrytime,
`user`.user_birthday,
`user`.user_telephone,
`user`.user_email
</if>

 FROM `user` JOIN department_info 
ON `user`.user_departement=department_info.depart_id
<where>
<if test="EntryStart!=null and EntryStart!='' and EntryEnd!=null and EntryEnd!=''">
`user`.user_entrytime BETWEEN #{EntryStart,jdbcType=VARCHAR} AND #{EntryEnd,jdbcType=VARCHAR}
</if>
<if test="birthRange!=null and birthRange!=''">
AND DATE_FORMAT(`user`.user_birthday,'%m%d') 
BETWEEN DATE_FORMAT(NOW(),'%m%d') AND DATE_FORMAT(DATE_ADD(NOW(),INTERVAL #{birthRange,jdbcType=VARCHAR} DAY),'%m%d')
</if>
<if test="userDepart!=null and userDepart!=''">
AND `user`.user_departement=#{userDepart,jdbcType=VARCHAR}
</if>
<if test="userName!=null and userName!=''">
AND  `user`.user_name LIKE '%${userName}%'
</if>
</where>
<if test="index!=null">
limit #{index,jdbcType=INTEGER},1
</if>
  </select>
  <!--ztree  -->
  
  <select id="selectUserZtree"  resultMap="ZtreeMap">
   SELECT `user`.user_name AS name,`user`.user_id AS id,`user`.user_departement AS pId FROM `user`
  </select>
</mapper>